tag;calPosX;calPosY;calPosZ;calRotX;calRotY;calRotZ;calRotW;angVelX;angVelY;angVelZ;linVelX;linVelY;linVelZ;scale;time
head;1.84211e-05;0.0194733;1.58325;0.692102;0.000234569;0.000189202;0.7218;1;2;3;7;8;9;0.992573;15.2267
hip;-6.70925e-05;0.0639921;0.926629;0.572839;0.000139505;0.000764515;0.819668;1;2;3;7;8;9;0.992573;15.2267
lHand;0.711353;0.0395386;1.42384;0.474783;0.394344;-0.63344;0.466721;1;2;3;7;8;9;0.992573;15.2267
rHand;-0.711523;0.0392947;1.42394;0.474264;-0.394568;0.634086;0.466181;1;2;3;7;8;9;0.992573;15.2267
lFoot;0.138569;0.0516955;0.0698894;-0.985113;-0.0366755;-0.0603028;0.156748;1;2;3;7;8;9;0.992573;15.2267
rFoot;-0.138705;0.0516453;0.0698872;-0.985125;0.0367106;0.060209;0.156706;1;2;3;7;8;9;0.992573;15.2267
head;2.70954e-05;0.0196214;1.58321;0.691925;0.00031862;0.000108195;0.721969;1;2;3;7;8;9;0.992573;15.2425
hip;-4.03449e-05;0.0641121;0.926611;0.572919;0.000108553;0.000805095;0.819611;1;2;3;7;8;9;0.992573;15.2425
lHand;0.711372;0.0395745;1.42384;0.474831;0.394066;-0.633266;0.467141;1;2;3;7;8;9;0.992573;15.2425
rHand;-0.711584;0.0393575;1.42383;0.473981;-0.394131;0.634554;0.466202;1;2;3;7;8;9;0.992573;15.2425
lFoot;0.138593;0.051685;0.0698885;-0.985112;-0.0366986;-0.0603712;0.156725;1;2;3;7;8;9;0.992573;15.2425
rFoot;-0.138703;0.0516614;0.0698771;-0.985133;0.0365959;0.0602195;0.156674;1;2;3;7;8;9;0.992573;15.2425
head;-0.000104493;0.019816;1.58318;0.691849;0.000303265;0.000229117;0.722042;1;2;3;7;8;9;0.992573;15.2593
hip;-0.000128686;0.0642236;0.926544;0.573012;0.000148298;0.000632279;0.819547;1;2;3;7;8;9;0.992573;15.2593
lHand;0.711234;0.0397258;1.42375;0.474761;0.393855;-0.63343;0.467169;1;2;3;7;8;9;0.992573;15.2593
rHand;-0.711229;0.0393758;1.42356;0.474296;-0.393295;0.634244;0.467009;1;2;3;7;8;9;0.992573;15.2593
lFoot;0.138464;0.0517248;0.0697788;-0.985136;-0.0367656;-0.0603321;0.156576;1;2;3;7;8;9;0.992573;15.2593
rFoot;-0.138718;0.051623;0.0699005;-0.985146;0.0365228;0.0601259;0.156648;1;2;3;7;8;9;0.992573;15.2593
head;1.74153e-05;0.0198746;1.58313;0.69175;0.00021808;0.000176149;0.722137;1;2;3;7;8;9;0.992573;15.2758
hip;-0.000140689;0.0642871;0.926533;0.573193;-4.33922e-05;0.000262544;0.819421;1;2;3;7;8;9;0.992573;15.2758
lHand;0.71117;0.0398711;1.42376;0.474702;0.393783;-0.633698;0.466926;1;2;3;7;8;9;0.992573;15.2758
rHand;-0.710224;0.0386732;1.42313;0.475827;-0.392665;0.634066;0.466222;1;2;3;7;8;9;0.992573;15.2758
lFoot;0.138469;0.0517429;0.0697972;-0.985135;-0.036811;-0.0603296;0.15657;1;2;3;7;8;9;0.992573;15.2758
rFoot;-0.138753;0.0516481;0.0699041;-0.985128;0.0366561;0.0601781;0.156707;1;2;3;7;8;9;0.992573;15.2758
head;9.65716e-05;0.0199939;1.58311;0.691572;0.000249137;9.33697e-05;0.722307;1;2;3;7;8;9;0.992573;15.2926
hip;-0.000164233;0.0643256;0.926511;0.573134;-2.94801e-05;0.000290804;0.819462;1;2;3;7;8;9;0.992573;15.2926
lHand;0.711089;0.0401506;1.42375;0.474487;0.39409;-0.634003;0.466471;1;2;3;7;8;9;0.992573;15.2926
rHand;-0.710011;0.0385641;1.42294;0.475229;-0.392972;0.635382;0.46478;1;2;3;7;8;9;0.992573;15.2926
lFoot;0.1385;0.0517688;0.0697742;-0.985139;-0.0368766;-0.0603206;0.15653;1;2;3;7;8;9;0.992573;15.2926
rFoot;-0.138693;0.0516299;0.0699196;-0.985144;0.0366518;0.060204;0.156596;1;2;3;7;8;9;0.992573;15.2926
head;0.000139717;0.0201179;1.58316;0.691516;0.000439091;-9.05096e-05;0.722361;1;2;3;7;8;9;0.992573;15.31
hip;-0.000366032;0.0647808;0.926635;0.573098;0.000171352;0.000744358;0.819486;1;2;3;7;8;9;0.992573;15.31
lHand;0.711108;0.040123;1.42392;0.47442;0.39456;-0.633921;0.466254;1;2;3;7;8;9;0.992573;15.31
rHand;-0.709747;0.0385142;1.42297;0.472967;-0.394201;0.636862;0.464019;1;2;3;7;8;9;0.992573;15.31
lFoot;0.138483;0.0517702;0.0697799;-0.985148;-0.0368072;-0.060328;0.156493;1;2;3;7;8;9;0.992573;15.31
rFoot;-0.138702;0.05164;0.0699642;-0.985145;0.0364277;0.0601672;0.15666;1;2;3;7;8;9;0.992573;15.31
head;0.000178725;0.0202144;1.58315;0.691414;0.000535959;-0.000146472;0.722459;1;2;3;7;8;9;0.992573;15.3257
hip;-0.00021185;0.0646625;0.926555;0.573032;0.000386715;0.00107745;0.819532;1;2;3;7;8;9;0.992573;15.3257
lHand;0.71109;0.0402599;1.42394;0.474379;0.394865;-0.63373;0.466296;1;2;3;7;8;9;0.992573;15.3257
rHand;-0.709383;0.0382586;1.42265;0.469843;-0.394922;0.638812;0.463899;1;2;3;7;8;9;0.992573;15.3257
lFoot;0.138482;0.051763;0.0697767;-0.985162;-0.0368443;-0.0603212;0.156397;1;2;3;7;8;9;0.992573;15.3257
rFoot;-0.138679;0.0516634;0.0699462;-0.985138;0.0364457;0.0602249;0.156679;1;2;3;7;8;9;0.992573;15.3257
head;0.000133566;0.0203535;1.58317;0.69134;0.000728974;-0.000172921;0.722529;1;2;3;7;8;9;0.992573;15.3424
hip;-0.000221565;0.0646869;0.926556;0.573007;0.000335312;0.000923898;0.81955;1;2;3;7;8;9;0.992573;15.3424
lHand;0.71108;0.0403185;1.42405;0.474476;0.395156;-0.633298;0.466538;1;2;3;7;8;9;0.992573;15.3424
rHand;-0.709522;0.0383634;1.42238;0.466788;-0.394853;0.64074;0.464385;1;2;3;7;8;9;0.992573;15.3424
lFoot;0.138496;0.0517811;0.0697925;-0.985154;-0.0368959;-0.0604248;0.156398;1;2;3;7;8;9;0.992573;15.3424
rFoot;-0.138688;0.0516632;0.0699541;-0.985134;0.0363872;0.0602748;0.156695;1;2;3;7;8;9;0.992573;15.3424
head;0.000261321;0.0206461;1.58311;0.691148;0.000681945;-0.000178348;0.722713;1;2;3;7;8;9;0.992573;15.3592
hip;-0.000315979;0.0647395;0.926593;0.57298;0.000244452;0.000569496;0.819569;1;2;3;7;8;9;0.992573;15.3592
lHand;0.711389;0.0403085;1.42426;0.474157;0.394989;-0.63351;0.466717;1;2;3;7;8;9;0.992573;15.3592
rHand;-0.709366;0.0389218;1.42221;0.464803;-0.394413;0.642013;0.46499;1;2;3;7;8;9;0.992573;15.3592
lFoot;0.138506;0.051776;0.0698101;-0.985165;-0.0368669;-0.0603787;0.156352;1;2;3;7;8;9;0.992573;15.3592
rFoot;-0.138652;0.0517282;0.0699608;-0.985165;0.036157;0.0601672;0.156599;1;2;3;7;8;9;0.992573;15.3592
head;0.000224549;0.0208257;1.58322;0.691133;0.000693117;-9.46931e-05;0.722727;1;2;3;7;8;9;0.992573;15.3758
hip;-0.000355557;0.0647845;0.926592;0.572993;0.000272362;0.000489283;0.81956;1;2;3;7;8;9;0.992573;15.3758
lHand;0.711401;0.0404171;1.4244;0.4738;0.394492;-0.633974;0.466869;1;2;3;7;8;9;0.992573;15.3758
rHand;-0.709235;0.0389742;1.42203;0.463211;-0.393299;0.642907;0.466285;1;2;3;7;8;9;0.992573;15.3758
lFoot;0.138523;0.0517775;0.0698223;-0.985175;-0.0369279;-0.060407;0.156264;1;2;3;7;8;9;0.992573;15.3758
rFoot;-0.138648;0.0517641;0.0699504;-0.985152;0.0361585;0.0602092;0.156662;1;2;3;7;8;9;0.992573;15.3758
head;0.000259731;0.0209539;1.58325;0.691084;0.000718436;-3.14359e-05;0.722775;1;2;3;7;8;9;0.992573;15.3927
hip;-0.000375949;0.0648451;0.92661;0.572935;0.000357443;0.000717778;0.8196;1;2;3;7;8;9;0.992573;15.3927
lHand;0.711351;0.0407993;1.42475;0.474023;0.394397;-0.633894;0.466831;1;2;3;7;8;9;0.992573;15.3927
rHand;-0.709408;0.0390887;1.4218;0.463161;-0.392177;0.642329;0.468074;1;2;3;7;8;9;0.992573;15.3927
lFoot;0.138565;0.0517956;0.0698141;-0.98518;-0.0370142;-0.0604576;0.156193;1;2;3;7;8;9;0.992573;15.3927
rFoot;-0.13859;0.0517779;0.0699314;-0.985157;0.0363318;0.0602339;0.156578;1;2;3;7;8;9;0.992573;15.3927
head;0.00030369;0.0209726;1.5833;0.690992;0.00063382;2.09333e-05;0.722863;1;2;3;7;8;9;0.992573;15.4094
hip;-0.000500903;0.0651397;0.926676;0.572901;0.000555361;0.000985101;0.819624;1;2;3;7;8;9;0.992573;15.4094
lHand;0.711164;0.0408498;1.42504;0.474516;0.394626;-0.633452;0.466738;1;2;3;7;8;9;0.992573;15.4094
rHand;-0.709422;0.0391018;1.42178;0.463612;-0.391203;0.641454;0.469639;1;2;3;7;8;9;0.992573;15.4094
lFoot;0.138537;0.0517443;0.0698469;-0.985188;-0.0370548;-0.0604231;0.156143;1;2;3;7;8;9;0.992573;15.4094
rFoot;-0.138596;0.0517537;0.0699548;-0.985178;0.0361339;0.0601252;0.156536;1;2;3;7;8;9;0.992573;15.4094
head;0.000334544;0.0210719;1.58334;0.690946;0.00063239;8.6423e-05;0.722906;1;2;3;7;8;9;0.992573;15.4259
hip;-0.000536345;0.0651955;0.926658;0.572801;0.000668455;0.00110966;0.819694;1;2;3;7;8;9;0.992573;15.4259
lHand;0.711233;0.0409604;1.4252;0.475204;0.394993;-0.632771;0.46665;1;2;3;7;8;9;0.992573;15.4259
rHand;-0.709728;0.0394394;1.42196;0.465445;-0.389643;0.639639;0.471594;1;2;3;7;8;9;0.992573;15.4259
lFoot;0.13855;0.0517322;0.0698715;-0.985202;-0.0370827;-0.0603586;0.156073;1;2;3;7;8;9;0.992573;15.4259
rFoot;-0.138541;0.0517946;0.069969;-0.985163;0.0359077;0.0601684;0.156664;1;2;3;7;8;9;0.992573;15.4259
head;0.000338501;0.0211938;1.58332;0.69076;0.000616674;0.000113953;0.723084;1;2;3;7;8;9;0.992573;15.4426
hip;-0.000763446;0.0656225;0.926761;0.572757;0.000846846;0.00120331;0.819724;1;2;3;7;8;9;0.992573;15.4426
lHand;0.711326;0.0410783;1.4254;0.475937;0.394985;-0.632124;0.466786;1;2;3;7;8;9;0.992573;15.4426
rHand;-0.709959;0.0395319;1.42203;0.469042;-0.388059;0.636679;0.473339;1;2;3;7;8;9;0.992573;15.4426
lFoot;0.138458;0.0518987;0.0696596;-0.985206;-0.0370908;-0.0605507;0.155969;1;2;3;7;8;9;0.992573;15.4426
rFoot;-0.138558;0.0518938;0.069979;-0.985152;0.0351049;0.0603615;0.156841;1;2;3;7;8;9;0.992573;15.4426
head;0.000214683;0.0215278;1.58321;0.690597;0.000613755;0.000208657;0.723239;1;2;3;7;8;9;0.992573;15.4593
hip;-0.000664175;0.0655927;0.926509;0.572828;0.000855649;0.00115908;0.819674;1;2;3;7;8;9;0.992573;15.4593
lHand;0.711274;0.0413606;1.42546;0.476422;0.394569;-0.631743;0.46716;1;2;3;7;8;9;0.992573;15.4593
rHand;-0.709866;0.0395066;1.42214;0.47192;-0.387011;0.634438;0.474344;1;2;3;7;8;9;0.992573;15.4593
lFoot;0.138447;0.0519391;0.0696449;-0.985211;-0.0370435;-0.0605351;0.155959;1;2;3;7;8;9;0.992573;15.4593
rFoot;-0.138709;0.0521168;0.0698198;-0.985186;0.0343456;0.060293;0.156822;1;2;3;7;8;9;0.992573;15.4593
head;0.000248064;0.0216457;1.58327;0.690553;0.000637536;0.00015837;0.723281;1;2;3;7;8;9;0.992573;15.476
hip;-0.00063844;0.0656927;0.926449;0.572942;0.000746507;0.00105484;0.819595;1;2;3;7;8;9;0.992573;15.476
lHand;0.711278;0.041601;1.42569;0.476492;0.393938;-0.631921;0.46738;1;2;3;7;8;9;0.992573;15.476
rHand;-0.709539;0.0395127;1.42238;0.474763;-0.386415;0.632291;0.474859;1;2;3;7;8;9;0.992573;15.476
lFoot;0.138429;0.0519462;0.0696463;-0.985221;-0.0371438;-0.0605153;0.155875;1;2;3;7;8;9;0.992573;15.476
rFoot;-0.138706;0.0521507;0.0698061;-0.985158;0.0345437;0.0601699;0.157001;1;2;3;7;8;9;0.992573;15.476
head;0.000295618;0.0217535;1.58324;0.690414;0.000709364;0.000144728;0.723414;1;2;3;7;8;9;0.992573;15.4925
hip;-0.00063736;0.065828;0.926381;0.57307;0.000769501;0.00104001;0.819505;1;2;3;7;8;9;0.992573;15.4925
lHand;0.711271;0.0418477;1.42579;0.476072;0.393357;-0.632331;0.467744;1;2;3;7;8;9;0.992573;15.4925
rHand;-0.70983;0.0396807;1.42262;0.478065;-0.387499;0.630539;0.472989;1;2;3;7;8;9;0.992573;15.4925
lFoot;0.138422;0.0519853;0.0696345;-0.985223;-0.0372926;-0.060439;0.155859;1;2;3;7;8;9;0.992573;15.4925
rFoot;-0.138664;0.0521485;0.0697958;-0.985156;0.0347185;0.060069;0.157017;1;2;3;7;8;9;0.992573;15.4925
head;0.00031202;0.0219587;1.58323;0.690336;0.000973487;4.75692e-05;0.723489;1;2;3;7;8;9;0.992573;15.5095
hip;-0.000620827;0.0660093;0.92643;0.573165;0.000856465;0.00120952;0.819439;1;2;3;7;8;9;0.992573;15.5095
lHand;0.711315;0.0419436;1.42594;0.475767;0.393455;-0.632373;0.467914;1;2;3;7;8;9;0.992573;15.5095
rHand;-0.709829;0.0394318;1.42298;0.478348;-0.389383;0.630755;0.470864;1;2;3;7;8;9;0.992573;15.5095
lFoot;0.138603;0.0520227;0.0696975;-0.985233;-0.0371223;-0.0604865;0.155817;1;2;3;7;8;9;0.992573;15.5095
rFoot;-0.138516;0.0521593;0.0699681;-0.985159;0.034341;0.0600649;0.157083;1;2;3;7;8;9;0.992573;15.5095
head;0.000371113;0.0219783;1.58323;0.690382;0.00129368;-1.16043e-05;0.723444;1;2;3;7;8;9;0.992573;15.5262
hip;-0.000608347;0.0661547;0.92642;0.573294;0.00094777;0.00138666;0.819348;1;2;3;7;8;9;0.992573;15.5262
lHand;0.711298;0.0420382;1.4259;0.475546;0.39364;-0.63236;0.468001;1;2;3;7;8;9;0.992573;15.5262
rHand;-0.709961;0.0397168;1.42299;0.477441;-0.389848;0.631621;0.470237;1;2;3;7;8;9;0.992573;15.5262
lFoot;0.138623;0.0520392;0.069717;-0.98523;-0.0372678;-0.0605258;0.15579;1;2;3;7;8;9;0.992573;15.5262
rFoot;-0.138488;0.0521721;0.069882;-0.985145;0.0344282;0.060216;0.157093;1;2;3;7;8;9;0.992573;15.5262
head;0.000344866;0.0220877;1.58323;0.69037;0.00139866;0.000140078;0.723455;1;2;3;7;8;9;0.992573;15.5426
hip;-0.000781588;0.06657;0.926543;0.573303;0.000968533;0.00144046;0.819342;1;2;3;7;8;9;0.992573;15.5426
lHand;0.711232;0.0422012;1.42598;0.475283;0.393878;-0.632418;0.46799;1;2;3;7;8;9;0.992573;15.5426
rHand;-0.710341;0.0398484;1.42304;0.476581;-0.389932;0.632295;0.470135;1;2;3;7;8;9;0.992573;15.5426
lFoot;0.138621;0.0520407;0.0697253;-0.985222;-0.0372951;-0.0605825;0.155808;1;2;3;7;8;9;0.992573;15.5426
rFoot;-0.138559;0.0521511;0.0698659;-0.985139;0.0345806;0.0602113;0.157098;1;2;3;7;8;9;0.992573;15.5426
head;0.000268784;0.0222582;1.58317;0.690329;0.00148473;0.00022976;0.723494;1;2;3;7;8;9;0.992573;15.5597
hip;-0.000580736;0.0664079;0.926462;0.573492;0.00109588;0.00141367;0.819209;1;2;3;7;8;9;0.992573;15.5597
lHand;0.711074;0.0424097;1.42597;0.475155;0.394053;-0.632536;0.467812;1;2;3;7;8;9;0.992573;15.5597
rHand;-0.710505;0.04033;1.4227;0.475605;-0.389194;0.632847;0.470991;1;2;3;7;8;9;0.992573;15.5597
lFoot;0.138487;0.0519373;0.0697248;-0.985238;-0.0372397;-0.0605637;0.155727;1;2;3;7;8;9;0.992573;15.5597
rFoot;-0.1386;0.0520257;0.0699401;-0.985138;0.0345688;0.0601613;0.157124;1;2;3;7;8;9;0.992573;15.5597
head;0.000271957;0.0222885;1.5832;0.690466;0.00164533;0.000300691;0.723363;1;2;3;7;8;9;0.992573;15.576
hip;-0.000573799;0.0664518;0.926471;0.573486;0.00101989;0.00129774;0.819214;1;2;3;7;8;9;0.992573;15.576
lHand;0.711042;0.0425734;1.42599;0.47526;0.394242;-0.63252;0.467568;1;2;3;7;8;9;0.992573;15.576
rHand;-0.710465;0.0404411;1.42246;0.475349;-0.388667;0.633105;0.471338;1;2;3;7;8;9;0.992573;15.576
lFoot;0.138562;0.0518914;0.0696941;-0.985229;-0.0371799;-0.0605287;0.155813;1;2;3;7;8;9;0.992573;15.576
rFoot;-0.138586;0.051994;0.0698781;-0.985135;0.0346175;0.0602399;0.157101;1;2;3;7;8;9;0.992573;15.576
head;0.000304997;0.0223326;1.58328;0.690544;0.00148147;0.000412336;0.723289;1;2;3;7;8;9;0.992573;15.5929
hip;-0.000558577;0.0663664;0.926464;0.573071;0.000858698;0.00120414;0.819505;1;2;3;7;8;9;0.992573;15.5929
lHand;0.711016;0.0427326;1.42604;0.475338;0.394328;-0.632609;0.467294;1;2;3;7;8;9;0.992573;15.5929
rHand;-0.710624;0.0406807;1.4224;0.475122;-0.388162;0.633228;0.471817;1;2;3;7;8;9;0.992573;15.5929
lFoot;0.138623;0.0518219;0.0697769;-0.985227;-0.037222;-0.0604859;0.15583;1;2;3;7;8;9;0.992573;15.5929
rFoot;-0.138545;0.0519456;0.0699419;-0.98514;0.0345288;0.0602884;0.157075;1;2;3;7;8;9;0.992573;15.5929
head;0.000252955;0.0223325;1.58331;0.690565;0.00130826;0.000538255;0.723269;1;2;3;7;8;9;0.992573;15.6095
hip;-0.000544921;0.0663586;0.926559;0.572803;0.000792686;0.00118943;0.819692;1;2;3;7;8;9;0.992573;15.6095
lHand;0.711086;0.0427322;1.42626;0.475096;0.394215;-0.632595;0.467656;1;2;3;7;8;9;0.992573;15.6095
rHand;-0.710638;0.0408368;1.42227;0.474585;-0.388128;0.633265;0.472335;1;2;3;7;8;9;0.992573;15.6095
lFoot;0.138508;0.0517562;0.0697937;-0.98522;-0.0372038;-0.0605246;0.155864;1;2;3;7;8;9;0.992573;15.6095
rFoot;-0.13857;0.0518772;0.0699792;-0.985131;0.0344978;0.0602285;0.157161;1;2;3;7;8;9;0.992573;15.6095
head;0.000254967;0.0223627;1.58336;0.690628;0.00115937;0.00065688;0.723209;1;2;3;7;8;9;0.992573;15.6262
hip;-0.000548124;0.0663984;0.926559;0.572588;0.000944875;0.00151292;0.819842;1;2;3;7;8;9;0.992573;15.6262
lHand;0.710869;0.0428692;1.42631;0.474834;0.394073;-0.632388;0.468322;1;2;3;7;8;9;0.992573;15.6262
rHand;-0.710721;0.041082;1.42222;0.474189;-0.388086;0.633365;0.472633;1;2;3;7;8;9;0.992573;15.6262
lFoot;0.138523;0.0517341;0.0698029;-0.985224;-0.0371841;-0.0605398;0.155838;1;2;3;7;8;9;0.992573;15.6262
rFoot;-0.138598;0.0519096;0.0699874;-0.985133;0.034425;0.0603278;0.157126;1;2;3;7;8;9;0.992573;15.6262
head;0.00012955;0.0224627;1.58339;0.690643;0.00122506;0.000698121;0.723195;1;2;3;7;8;9;0.992573;15.6428
hip;-0.000542775;0.0665429;0.926581;0.572754;0.00104242;0.00169468;0.819725;1;2;3;7;8;9;0.992573;15.6428
lHand;0.710857;0.0428229;1.42642;0.474673;0.393767;-0.632247;0.468932;1;2;3;7;8;9;0.992573;15.6428
rHand;-0.711064;0.0413695;1.4221;0.474427;-0.388614;0.63293;0.472545;1;2;3;7;8;9;0.992573;15.6428
lFoot;0.13841;0.0518176;0.0696745;-0.985233;-0.0372655;-0.0605769;0.155749;1;2;3;7;8;9;0.992573;15.6428
rFoot;-0.138671;0.0519672;0.0699228;-0.985136;0.0341938;0.0603032;0.157168;1;2;3;7;8;9;0.992573;15.6428
head;-1.34828e-05;0.0227171;1.58328;0.690523;0.00135354;0.000640823;0.723309;1;2;3;7;8;9;0.992573;15.6597
hip;-0.000704736;0.0668139;0.926544;0.573193;0.00107097;0.00144922;0.819419;1;2;3;7;8;9;0.992573;15.6597
lHand;0.710779;0.0430261;1.42643;0.474861;0.393453;-0.632169;0.469111;1;2;3;7;8;9;0.992573;15.6597
rHand;-0.71105;0.0415623;1.4221;0.475087;-0.389725;0.632212;0.471926;1;2;3;7;8;9;0.992573;15.6597
lFoot;0.13841;0.051832;0.0696602;-0.985239;-0.0371929;-0.0605407;0.155743;1;2;3;7;8;9;0.992573;15.6597
rFoot;-0.138603;0.0520396;0.0699529;-0.985133;0.0339607;0.0601603;0.157288;1;2;3;7;8;9;0.992573;15.6597
head;-1.05393e-05;0.0227747;1.58334;0.690562;0.00136812;0.000599457;0.723271;1;2;3;7;8;9;0.992573;15.6762
hip;-0.000712134;0.0670277;0.926538;0.573521;0.00104378;0.00138851;0.819189;1;2;3;7;8;9;0.992573;15.6762
lHand;0.710776;0.0432555;1.42673;0.474829;0.39317;-0.632344;0.469144;1;2;3;7;8;9;0.992573;15.6762
rHand;-0.711217;0.0418514;1.42217;0.475574;-0.39047;0.631752;0.471437;1;2;3;7;8;9;0.992573;15.6762
lFoot;0.138399;0.05188;0.0697091;-0.98524;-0.0371767;-0.0606515;0.155698;1;2;3;7;8;9;0.992573;15.6762
rFoot;-0.138667;0.0520932;0.0699784;-0.985117;0.0339103;0.0602486;0.157366;1;2;3;7;8;9;0.992573;15.6762
head;-7.82805e-05;0.0228736;1.58337;0.690523;0.00140163;0.000561444;0.723309;1;2;3;7;8;9;0.992573;15.6929
hip;-0.000947416;0.067501;0.926653;0.573587;0.00100953;0.00135433;0.819143;1;2;3;7;8;9;0.992573;15.6929
lHand;0.710717;0.0432507;1.42689;0.474667;0.393162;-0.632613;0.468952;1;2;3;7;8;9;0.992573;15.6929
rHand;-0.711376;0.0420145;1.42217;0.475942;-0.391243;0.631445;0.470834;1;2;3;7;8;9;0.992573;15.6929
lFoot;0.138373;0.0518696;0.0697147;-0.985248;-0.0372055;-0.0605657;0.155672;1;2;3;7;8;9;0.992573;15.6929
rFoot;-0.138649;0.0521171;0.0699567;-0.985114;0.0338774;0.0603575;0.157354;1;2;3;7;8;9;0.992573;15.6929
head;-0.000292563;0.0231707;1.58327;0.690416;0.00150249;0.000632015;0.723411;1;2;3;7;8;9;0.992573;15.7102
hip;-0.000694372;0.0672958;0.926506;0.573465;0.000979036;0.00161509;0.819228;1;2;3;7;8;9;0.992573;15.7102
lHand;0.710599;0.0434951;1.4268;0.474505;0.39329;-0.632735;0.468844;1;2;3;7;8;9;0.992573;15.7102
rHand;-0.711471;0.0420902;1.42211;0.47583;-0.391555;0.631241;0.470962;1;2;3;7;8;9;0.992573;15.7102
lFoot;0.138381;0.051967;0.0696608;-0.985241;-0.0372446;-0.0606403;0.155678;1;2;3;7;8;9;0.992573;15.7102
rFoot;-0.138595;0.0521262;0.0700098;-0.985127;0.0337579;0.0603463;0.1573;1;2;3;7;8;9;0.992573;15.7102
head;-0.000281415;0.0231969;1.58335;0.690505;0.0014589;0.000627304;0.723326;1;2;3;7;8;9;0.992573;15.7262
hip;-0.000645615;0.0673391;0.926503;0.573278;0.000881014;0.00164674;0.819358;1;2;3;7;8;9;0.992573;15.7262
lHand;0.710684;0.0436761;1.42689;0.474885;0.393908;-0.632023;0.468901;1;2;3;7;8;9;0.992573;15.7262
rHand;-0.711684;0.0423266;1.42214;0.475647;-0.391585;0.631182;0.471201;1;2;3;7;8;9;0.992573;15.7262
lFoot;0.13839;0.05196;0.0696553;-0.985246;-0.0372121;-0.0606462;0.15565;1;2;3;7;8;9;0.992573;15.7262
rFoot;-0.138588;0.0521308;0.0699469;-0.985123;0.033817;0.0604668;0.157266;1;2;3;7;8;9;0.992573;15.7262
head;-0.000296766;0.0232148;1.58339;0.690457;0.00127694;0.000766645;0.723372;1;2;3;7;8;9;0.992573;15.7428
hip;-0.000737906;0.0676833;0.926609;0.573295;0.000744374;0.00149852;0.819348;1;2;3;7;8;9;0.992573;15.7428
lHand;0.710693;0.0435111;1.42691;0.475565;0.394075;-0.631271;0.469084;1;2;3;7;8;9;0.992573;15.7428
rHand;-0.711732;0.0422179;1.42216;0.475883;-0.391521;0.630848;0.471464;1;2;3;7;8;9;0.992573;15.7428
lFoot;0.138433;0.0519107;0.0697262;-0.985246;-0.0371943;-0.0606712;0.155647;1;2;3;7;8;9;0.992573;15.7428
rFoot;-0.138601;0.0521168;0.0699454;-0.985116;0.033985;0.0604995;0.157263;1;2;3;7;8;9;0.992573;15.7428
head;-0.000309331;0.0233122;1.58336;0.690331;0.00106032;0.000988032;0.723492;1;2;3;7;8;9;0.992573;15.7596
hip;-0.000479281;0.0674796;0.926532;0.573531;0.000938745;0.00148174;0.819182;1;2;3;7;8;9;0.992573;15.7596
lHand;0.710955;0.0433813;1.42694;0.476048;0.394003;-0.630842;0.469231;1;2;3;7;8;9;0.992573;15.7596
rHand;-0.711851;0.0421668;1.42185;0.476247;-0.391627;0.630372;0.471645;1;2;3;7;8;9;0.992573;15.7596
lFoot;0.138423;0.051939;0.0697176;-0.985246;-0.0372166;-0.0606302;0.155661;1;2;3;7;8;9;0.992573;15.7596
rFoot;-0.138581;0.0520567;0.0700527;-0.985119;0.0338754;0.0605127;0.157265;1;2;3;7;8;9;0.992573;15.7596
head;-0.000209073;0.0231735;1.58328;0.690449;0.00108569;0.00106296;0.723379;1;2;3;7;8;9;0.992573;15.7781
hip;-0.000448078;0.0677484;0.926531;0.573911;0.00104859;0.00164598;0.818916;1;2;3;7;8;9;0.992573;15.7781
lHand;0.711088;0.0431296;1.42649;0.476295;0.393473;-0.630866;0.469394;1;2;3;7;8;9;0.992573;15.7781
rHand;-0.711931;0.0420197;1.42126;0.476801;-0.391301;0.630183;0.471608;1;2;3;7;8;9;0.992573;15.7781
lFoot;0.138441;0.0518852;0.0696929;-0.985262;-0.0372701;-0.0605558;0.15557;1;2;3;7;8;9;0.992573;15.7781
rFoot;-0.13856;0.0520509;0.0700319;-0.985117;0.0338509;0.0605509;0.157264;1;2;3;7;8;9;0.992573;15.7781
head;-0.000212582;0.0232033;1.58325;0.690469;0.00105095;0.00105109;0.72336;1;2;3;7;8;9;0.992573;15.793
hip;-0.000657365;0.0682243;0.926618;0.574127;0.00119168;0.00170872;0.818763;1;2;3;7;8;9;0.992573;15.793
lHand;0.711161;0.0430153;1.42613;0.476437;0.392972;-0.630996;0.469495;1;2;3;7;8;9;0.992573;15.793
rHand;-0.711973;0.0419147;1.42066;0.476975;-0.390489;0.630536;0.471633;1;2;3;7;8;9;0.992573;15.793
lFoot;0.138477;0.0518992;0.0697052;-0.985257;-0.03725;-0.0606186;0.155586;1;2;3;7;8;9;0.992573;15.793
rFoot;-0.138578;0.0520346;0.070031;-0.985131;0.0337575;0.0606233;0.157168;1;2;3;7;8;9;0.992573;15.793
head;-0.000218881;0.0232883;1.58326;0.69066;0.00121705;0.00110063;0.723178;1;2;3;7;8;9;0.992573;15.8099
hip;-0.000317864;0.0679017;0.926421;0.574175;0.00115594;0.00176685;0.81873;1;2;3;7;8;9;0.992573;15.8099
lHand;0.711411;0.0427257;1.42574;0.476621;0.392458;-0.631136;0.469549;1;2;3;7;8;9;0.992573;15.8099
rHand;-0.711982;0.0417564;1.42001;0.476878;-0.389825;0.630873;0.471829;1;2;3;7;8;9;0.992573;15.8099
lFoot;0.138549;0.0519513;0.0696912;-0.985263;-0.0371388;-0.0606762;0.155549;1;2;3;7;8;9;0.992573;15.8099
rFoot;-0.138524;0.0520874;0.0700483;-0.985126;0.0336585;0.0606394;0.157217;1;2;3;7;8;9;0.992573;15.8099
head;-0.000208156;0.0232725;1.5833;0.691002;0.00125518;0.00113188;0.722851;1;2;3;7;8;9;0.992573;15.8265
hip;-0.000315502;0.0679454;0.926361;0.574081;0.00113098;0.00177656;0.818796;1;2;3;7;8;9;0.992573;15.8265
lHand;0.711492;0.0424437;1.42492;0.476014;0.391402;-0.63212;0.469724;1;2;3;7;8;9;0.992573;15.8265
rHand;-0.712172;0.0416949;1.4192;0.476655;-0.389072;0.631369;0.472013;1;2;3;7;8;9;0.992573;15.8265
lFoot;0.138541;0.0519308;0.069684;-0.985273;-0.0372589;-0.0605446;0.155513;1;2;3;7;8;9;0.992573;15.8265
rFoot;-0.13852;0.0520596;0.0699949;-0.985135;0.0337011;0.0607031;0.157126;1;2;3;7;8;9;0.992573;15.8265
head;-0.000172039;0.0232784;1.5833;0.691322;0.0012845;0.00113802;0.722545;1;2;3;7;8;9;0.992573;15.843
hip;-0.000502422;0.0684355;0.926494;0.574033;0.00102283;0.0019901;0.818829;1;2;3;7;8;9;0.992573;15.843
lHand;0.711507;0.0423225;1.42386;0.475197;0.390413;-0.633112;0.470038;1;2;3;7;8;9;0.992573;15.843
rHand;-0.712181;0.0414797;1.41797;0.47606;-0.38849;0.63203;0.472208;1;2;3;7;8;9;0.992573;15.843
lFoot;0.138601;0.0519342;0.0696755;-0.985283;-0.0371844;-0.0605634;0.155456;1;2;3;7;8;9;0.992573;15.843
rFoot;-0.138496;0.0520493;0.0699739;-0.985135;0.0337538;0.0607768;0.157083;1;2;3;7;8;9;0.992573;15.843
head;-0.000328795;0.0233217;1.58327;0.69171;0.00125961;0.00122839;0.722174;1;2;3;7;8;9;0.992573;15.8599
hip;-0.000302359;0.0683803;0.92637;0.574297;0.0011787;0.00223942;0.818643;1;2;3;7;8;9;0.992573;15.8599
lHand;0.711318;0.0417753;1.42253;0.473713;0.389068;-0.634664;0.470558;1;2;3;7;8;9;0.992573;15.8599
rHand;-0.712367;0.0412655;1.41631;0.47519;-0.387513;0.632895;0.472728;1;2;3;7;8;9;0.992573;15.8599
lFoot;0.138486;0.0519762;0.0696011;-0.985298;-0.0371304;-0.0605721;0.155373;1;2;3;7;8;9;0.992573;15.8599
rFoot;-0.138521;0.0520877;0.069964;-0.985153;0.0335413;0.0606665;0.157063;1;2;3;7;8;9;0.992573;15.8599
head;-0.000299573;0.0232778;1.58332;0.692191;0.0013322;0.00120345;0.721712;1;2;3;7;8;9;0.992573;15.8766
hip;-0.000292003;0.0686592;0.926345;0.574571;0.00122234;0.00243083;0.81845;1;2;3;7;8;9;0.992573;15.8766
lHand;0.711384;0.0411902;1.4209;0.472154;0.387418;-0.636459;0.471061;1;2;3;7;8;9;0.992573;15.8766
rHand;-0.712573;0.0406407;1.4147;0.474451;-0.386911;0.63371;0.472871;1;2;3;7;8;9;0.992573;15.8766
lFoot;0.138494;0.0519453;0.0696002;-0.985303;-0.0370858;-0.0605986;0.155341;1;2;3;7;8;9;0.992573;15.8766
rFoot;-0.138559;0.0521328;0.0699642;-0.985146;0.0335474;0.0607783;0.157059;1;2;3;7;8;9;0.992573;15.8766
head;-0.000410087;0.0233115;1.58331;0.692655;0.00156091;0.00123543;0.721267;1;2;3;7;8;9;0.992573;15.8932
hip;-0.000259973;0.068813;0.926301;0.57463;0.00112091;0.00231582;0.818409;1;2;3;7;8;9;0.992573;15.8932
lHand;0.711402;0.0404992;1.4192;0.470723;0.385672;-0.638257;0.471493;1;2;3;7;8;9;0.992573;15.8932
rHand;-0.71298;0.0401541;1.41225;0.473498;-0.387505;0.635056;0.471533;1;2;3;7;8;9;0.992573;15.8932
lFoot;0.138535;0.0519411;0.0695822;-0.985316;-0.0368106;-0.060802;0.155245;1;2;3;7;8;9;0.992573;15.8932
rFoot;-0.138534;0.0521414;0.0699637;-0.985151;0.0335353;0.0608084;0.157021;1;2;3;7;8;9;0.992573;15.8932
head;-0.00044812;0.0232267;1.58333;0.693081;0.00171538;0.00128363;0.720857;1;2;3;7;8;9;0.992573;15.9099
hip;-0.000179611;0.0689452;0.926307;0.574664;0.0010693;0.0023863;0.818385;1;2;3;7;8;9;0.992573;15.9099
lHand;0.711536;0.0396744;1.4169;0.468452;0.383714;-0.640825;0.471869;1;2;3;7;8;9;0.992573;15.9099
rHand;-0.713216;0.0394971;1.41007;0.472768;-0.388367;0.636097;0.470151;1;2;3;7;8;9;0.992573;15.9099
lFoot;0.138488;0.0519191;0.0695793;-0.985312;-0.036672;-0.0608832;0.155273;1;2;3;7;8;9;0.992573;15.9099
rFoot;-0.138587;0.0521826;0.0699835;-0.985156;0.0332176;0.0609054;0.157016;1;2;3;7;8;9;0.992573;15.9099
head;-0.00044501;0.0231236;1.58335;0.693597;0.00195819;0.00141976;0.720359;1;2;3;7;8;9;0.992573;15.9266
hip;-0.000103027;0.0690547;0.926249;0.574538;0.000917859;0.00236751;0.818474;1;2;3;7;8;9;0.992573;15.9266
lHand;0.711626;0.0387843;1.41417;0.466354;0.382662;-0.643196;0.471574;1;2;3;7;8;9;0.992573;15.9266
rHand;-0.713546;0.0388528;1.40724;0.471767;-0.389825;0.637563;0.46796;1;2;3;7;8;9;0.992573;15.9266
lFoot;0.138451;0.0519192;0.069614;-0.985312;-0.0365932;-0.0609087;0.15528;1;2;3;7;8;9;0.992573;15.9266
rFoot;-0.138598;0.0521964;0.0699629;-0.985156;0.0332785;0.0609002;0.157009;1;2;3;7;8;9;0.992573;15.9266
head;-0.000551661;0.0231176;1.58334;0.694128;0.00214503;0.00178829;0.719847;1;2;3;7;8;9;0.992573;15.9431
hip;-0.000220932;0.0694733;0.926329;0.574539;0.00081658;0.00253439;0.818473;1;2;3;7;8;9;0.992573;15.9431
lHand;0.71168;0.0378304;1.41102;0.464311;0.382166;-0.645599;0.470708;1;2;3;7;8;9;0.992573;15.9431
rHand;-0.713741;0.0381221;1.40392;0.470438;-0.390914;0.639243;0.466094;1;2;3;7;8;9;0.992573;15.9431
lFoot;0.138486;0.0519029;0.069607;-0.985326;-0.0364201;-0.0610098;0.155189;1;2;3;7;8;9;0.992573;15.9431
rFoot;-0.13863;0.0521952;0.0699409;-0.985162;0.0333969;0.0609356;0.156931;1;2;3;7;8;9;0.992573;15.9431
head;-0.000633623;0.0229931;1.58338;0.694808;0.00241073;0.00209153;0.719188;1;2;3;7;8;9;0.992573;15.9599
hip;-6.181e-05;0.0695772;0.926184;0.574839;0.000875374;0.00271435;0.818262;1;2;3;7;8;9;0.992573;15.9599
lHand;0.71168;0.036875;1.40784;0.462483;0.381612;-0.647869;0.469838;1;2;3;7;8;9;0.992573;15.9599
rHand;-0.714032;0.0369509;1.40017;0.468514;-0.39112;0.641179;0.465198;1;2;3;7;8;9;0.992573;15.9599
lFoot;0.138521;0.0519092;0.0695635;-0.985345;-0.0360608;-0.0611483;0.1551;1;2;3;7;8;9;0.992573;15.9599
rFoot;-0.138598;0.0521806;0.0699617;-0.985162;0.0335259;0.0609257;0.156909;1;2;3;7;8;9;0.992573;15.9599
head;-0.000663092;0.0228538;1.58339;0.695511;0.00282174;0.00239904;0.718506;1;2;3;7;8;9;0.992573;15.9765
hip;-5.66766e-05;0.0698814;0.92614;0.575081;0.00090093;0.00290444;0.818091;1;2;3;7;8;9;0.992573;15.9765
lHand;0.711732;0.0354068;1.40318;0.461094;0.381744;-0.649833;0.468381;1;2;3;7;8;9;0.992573;15.9765
rHand;-0.714365;0.0361013;1.39636;0.466667;-0.390789;0.643083;0.464705;1;2;3;7;8;9;0.992573;15.9765
lFoot;0.138555;0.0518327;0.0694973;-0.985336;-0.0361821;-0.0610605;0.155161;1;2;3;7;8;9;0.992573;15.9765
rFoot;-0.138564;0.0521465;0.0698867;-0.985146;0.0333952;0.0610183;0.157;1;2;3;7;8;9;0.992573;15.9765
head;-0.00072697;0.0227543;1.58343;0.696225;0.00325157;0.00284308;0.717811;1;2;3;7;8;9;0.992573;15.9931
hip;-0.000264578;0.0704445;0.926235;0.575035;0.000769112;0.00299676;0.818123;1;2;3;7;8;9;0.992573;15.9931
lHand;0.711839;0.0340314;1.39918;0.459854;0.381391;-0.651669;0.467337;1;2;3;7;8;9;0.992573;15.9931
rHand;-0.714596;0.035123;1.39175;0.464401;-0.389859;0.64552;0.464378;1;2;3;7;8;9;0.992573;15.9931
lFoot;0.13861;0.0518057;0.069506;-0.98533;-0.0360624;-0.0611953;0.155179;1;2;3;7;8;9;0.992573;15.9931
rFoot;-0.138565;0.0521854;0.0698679;-0.985143;0.0332105;0.0611633;0.157004;1;2;3;7;8;9;0.992573;15.9931
head;-0.000847068;0.0226637;1.58343;0.697008;0.00378142;0.00324695;0.717046;1;2;3;7;8;9;0.992573;16.0098
hip;-7.54744e-06;0.0703197;0.926053;0.574889;0.000744035;0.00321938;0.818224;1;2;3;7;8;9;0.992573;16.0098
lHand;0.711898;0.0324277;1.39414;0.458845;0.381111;-0.653761;0.465632;1;2;3;7;8;9;0.992573;16.0098
rHand;-0.714906;0.033855;1.38679;0.461745;-0.38934;0.648525;0.463272;1;2;3;7;8;9;0.992573;16.0098
lFoot;0.138645;0.0517377;0.0695438;-0.985333;-0.0357614;-0.0613049;0.155181;1;2;3;7;8;9;0.992573;16.0098
rFoot;-0.13857;0.0521894;0.0698676;-0.98514;0.0331257;0.0612327;0.15701;1;2;3;7;8;9;0.992573;16.0098
head;-0.000931336;0.0224915;1.58342;0.697972;0.00439002;0.00371804;0.716102;1;2;3;7;8;9;0.992573;16.0266
hip;7.64802e-05;0.0705659;0.925987;0.57484;0.000775082;0.00374607;0.818257;1;2;3;7;8;9;0.992573;16.0266
lHand;0.711943;0.0305793;1.38835;0.456713;0.379982;-0.657281;0.46369;1;2;3;7;8;9;0.992573;16.0266
rHand;-0.715261;0.0326543;1.38148;0.460105;-0.390671;0.651217;0.459995;1;2;3;7;8;9;0.992573;16.0266
lFoot;0.138642;0.0517612;0.0696033;-0.985331;-0.0356414;-0.0613149;0.155217;1;2;3;7;8;9;0.992573;16.0266
rFoot;-0.13863;0.0522074;0.0698732;-0.985132;0.0333068;0.0612493;0.157015;1;2;3;7;8;9;0.992573;16.0266
head;-0.00099323;0.0223941;1.58343;0.698863;0.00489665;0.00408162;0.715227;1;2;3;7;8;9;0.992573;16.0434
hip;-1.26511e-05;0.0711433;0.926039;0.574857;0.000959745;0.00444224;0.818241;1;2;3;7;8;9;0.992573;16.0434
lHand;0.711902;0.0289471;1.38213;0.453107;0.378291;-0.662076;0.461785;1;2;3;7;8;9;0.992573;16.0434
rHand;-0.715159;0.0310537;1.37548;0.459991;-0.393693;0.653033;0.454932;1;2;3;7;8;9;0.992573;16.0434
lFoot;0.138646;0.0517644;0.0696144;-0.985331;-0.0357018;-0.0611217;0.15528;1;2;3;7;8;9;0.992573;16.0434
rFoot;-0.138587;0.0521975;0.0698894;-0.985143;0.0332465;0.0613286;0.156931;1;2;3;7;8;9;0.992573;16.0434
head;-0.00109641;0.0223473;1.58345;0.699838;0.00521383;0.00455067;0.714268;1;2;3;7;8;9;0.992573;16.0598
hip;0.000214092;0.0711195;0.925826;0.575055;0.00108846;0.00479559;0.8181;1;2;3;7;8;9;0.992573;16.0598
lHand;0.711904;0.0270015;1.3762;0.44882;0.376793;-0.666986;0.460127;1;2;3;7;8;9;0.992573;16.0598
rHand;-0.715228;0.0293705;1.36952;0.459426;-0.395778;0.655101;0.450701;1;2;3;7;8;9;0.992573;16.0598
lFoot;0.138616;0.0517561;0.0696228;-0.985316;-0.0357637;-0.0610915;0.155373;1;2;3;7;8;9;0.992573;16.0598
rFoot;-0.138617;0.0521679;0.0699126;-0.985133;0.0330929;0.0613175;0.157031;1;2;3;7;8;9;0.992573;16.0598
head;-0.00109025;0.0222487;1.5835;0.700978;0.00525701;0.0050136;0.713146;1;2;3;7;8;9;0.992573;16.0783
hip;0.000193626;0.0714552;0.925794;0.5755;0.00108994;0.00495833;0.817786;1;2;3;7;8;9;0.992573;16.0783
lHand;0.711575;0.0248925;1.36895;0.442712;0.375821;-0.672911;0.458209;1;2;3;7;8;9;0.992573;16.0783
rHand;-0.714838;0.0272277;1.36217;0.458265;-0.396798;0.65783;0.446993;1;2;3;7;8;9;0.992573;16.0783
lFoot;0.138611;0.0517712;0.0696635;-0.985328;-0.0358233;-0.0610856;0.155286;1;2;3;7;8;9;0.992573;16.0783
rFoot;-0.138607;0.0521961;0.0699243;-0.985108;0.0331381;0.0614153;0.157135;1;2;3;7;8;9;0.992573;16.0783
head;-0.00126581;0.0223408;1.58345;0.701993;0.00539157;0.00551976;0.712143;1;2;3;7;8;9;0.992573;16.0932
hip;-6.13034e-05;0.0719132;0.925867;0.575688;0.000904543;0.0049435;0.817654;1;2;3;7;8;9;0.992573;16.0932
lHand;0.710844;0.0231059;1.36122;0.437199;0.37565;-0.678012;0.456119;1;2;3;7;8;9;0.992573;16.0932
rHand;-0.714506;0.025595;1.35476;0.456059;-0.396582;0.661692;0.44373;1;2;3;7;8;9;0.992573;16.0932
lFoot;0.138602;0.0518466;0.0695916;-0.985318;-0.0358682;-0.0610774;0.155344;1;2;3;7;8;9;0.992573;16.0932
rFoot;-0.13864;0.0522112;0.0699058;-0.985101;0.0328952;0.0615999;0.15716;1;2;3;7;8;9;0.992573;16.0932
head;-0.00137082;0.0223667;1.58347;0.702987;0.00585189;0.00588111;0.711154;1;2;3;7;8;9;0.992573;16.11
hip;1.80528e-05;0.0719099;0.92566;0.575559;0.000906324;0.00504095;0.817744;1;2;3;7;8;9;0.992573;16.11
lHand;0.710184;0.0209273;1.35328;0.432468;0.376458;-0.68245;0.453336;1;2;3;7;8;9;0.992573;16.11
rHand;-0.714334;0.0241047;1.34753;0.45285;-0.396609;0.665921;0.440655;1;2;3;7;8;9;0.992573;16.11
lFoot;0.138611;0.051858;0.069589;-0.985322;-0.0358642;-0.0610222;0.155343;1;2;3;7;8;9;0.992573;16.11
rFoot;-0.138589;0.0522845;0.0699362;-0.985091;0.0326271;0.0616328;0.157264;1;2;3;7;8;9;0.992573;16.11
head;-0.00154995;0.0223892;1.58353;0.703977;0.0066802;0.00613789;0.710165;1;2;3;7;8;9;0.992573;16.1269
hip;1.99527e-05;0.072127;0.925562;0.575295;0.0010157;0.00535724;0.817928;1;2;3;7;8;9;0.992573;16.1269
lHand;0.709526;0.0187722;1.34535;0.428267;0.376993;-0.686816;0.450274;1;2;3;7;8;9;0.992573;16.1269
rHand;-0.713663;0.0222296;1.33927;0.445192;-0.397105;0.672883;0.437425;1;2;3;7;8;9;0.992573;16.1269
lFoot;0.138632;0.0518697;0.0695903;-0.985329;-0.0358024;-0.060955;0.155338;1;2;3;7;8;9;0.992573;16.1269
rFoot;-0.138628;0.0523146;0.0699195;-0.985062;0.0327043;0.0617499;0.157384;1;2;3;7;8;9;0.992573;16.1269
head;-0.0018908;0.0224988;1.5835;0.704881;0.00743327;0.00672234;0.709254;1;2;3;7;8;9;0.992573;16.1432
hip;0.000140116;0.0723575;0.925451;0.575176;0.00100794;0.00571161;0.818009;1;2;3;7;8;9;0.992573;16.1432
lHand;0.708411;0.0162222;1.33619;0.423626;0.377344;-0.692356;0.445865;1;2;3;7;8;9;0.992573;16.1432
rHand;-0.713277;0.0205022;1.33121;0.438057;-0.398279;0.678693;0.434575;1;2;3;7;8;9;0.992573;16.1432
lFoot;0.138568;0.0519118;0.0695183;-0.985335;-0.0359318;-0.0609711;0.155264;1;2;3;7;8;9;0.992573;16.1432
rFoot;-0.138642;0.0523126;0.0699125;-0.985064;0.0327083;0.0617297;0.157379;1;2;3;7;8;9;0.992573;16.1432
head;-0.00205922;0.0225081;1.5836;0.705878;0.00790697;0.00738408;0.708251;1;2;3;7;8;9;0.992573;16.1599
hip;0.000281468;0.0725003;0.925333;0.575136;0.000730617;0.00586936;0.818036;1;2;3;7;8;9;0.992573;16.1599
lHand;0.707383;0.0140162;1.32751;0.41845;0.377215;-0.698061;0.441949;1;2;3;7;8;9;0.992573;16.1599
rHand;-0.712672;0.0189418;1.32339;0.432066;-0.399176;0.683428;0.432323;1;2;3;7;8;9;0.992573;16.1599
lFoot;0.138584;0.0519221;0.0694914;-0.985348;-0.0360341;-0.0609685;0.155156;1;2;3;7;8;9;0.992573;16.1599
rFoot;-0.138642;0.0523427;0.069934;-0.985056;0.0326271;0.0616951;0.157458;1;2;3;7;8;9;0.992573;16.1599
head;-0.00230375;0.0225816;1.58374;0.706693;0.00811005;0.00825011;0.707426;1;2;3;7;8;9;0.992573;16.1766
hip;0.000410438;0.0726426;0.925278;0.575153;0.000442944;0.00591856;0.818024;1;2;3;7;8;9;0.992573;16.1766
lHand;0.706315;0.0119382;1.31879;0.412484;0.377412;-0.704149;0.437712;1;2;3;7;8;9;0.992573;16.1766
rHand;-0.711683;0.0166066;1.31442;0.426329;-0.401323;0.687048;0.430288;1;2;3;7;8;9;0.992573;16.1766
lFoot;0.13857;0.0519435;0.0695171;-0.985356;-0.0361916;-0.0609378;0.155079;1;2;3;7;8;9;0.992573;16.1766
rFoot;-0.138669;0.052351;0.0699121;-0.985051;0.0328344;0.0617171;0.157442;1;2;3;7;8;9;0.992573;16.1766
head;-0.00232496;0.0224383;1.58383;0.70727;0.00797586;0.00904559;0.706841;1;2;3;7;8;9;0.992573;16.1934
hip;0.000433125;0.0727035;0.925325;0.575285;0.000132782;0.00589387;0.817932;1;2;3;7;8;9;0.992573;16.1934
lHand;0.705;0.00917833;1.30937;0.405367;0.378706;-0.710537;0.432893;1;2;3;7;8;9;0.992573;16.1934
rHand;-0.710829;0.0142873;1.30549;0.422933;-0.404037;0.689348;0.427413;1;2;3;7;8;9;0.992573;16.1934
lFoot;0.138611;0.0518876;0.0695653;-0.985363;-0.0362552;-0.0608791;0.155045;1;2;3;7;8;9;0.992573;16.1934
rFoot;-0.138655;0.0523181;0.0699331;-0.985057;0.0328766;0.0618336;0.157349;1;2;3;7;8;9;0.992573;16.1934
head;-0.00241246;0.0225004;1.58383;0.707912;0.00791325;0.00954951;0.706192;1;2;3;7;8;9;0.992573;16.21
hip;0.000431538;0.0727896;0.92532;0.575533;0.000280853;0.00612862;0.817756;1;2;3;7;8;9;0.992573;16.21
lHand;0.703177;0.00672116;1.29926;0.398265;0.381537;-0.71619;0.427652;1;2;3;7;8;9;0.992573;16.21
rHand;-0.709515;0.0119244;1.29583;0.422382;-0.406291;0.690534;0.423891;1;2;3;7;8;9;0.992573;16.21
lFoot;0.138646;0.0519012;0.0695804;-0.98536;-0.036293;-0.0609024;0.155045;1;2;3;7;8;9;0.992573;16.21
rFoot;-0.138566;0.0523972;0.069959;-0.985066;0.0328007;0.0617137;0.157352;1;2;3;7;8;9;0.992573;16.21
head;-0.00260237;0.0225483;1.58381;0.708693;0.00821855;0.00988215;0.7054;1;2;3;7;8;9;0.992573;16.2268
hip;0.000162825;0.073071;0.925313;0.575679;0.000899598;0.00665697;0.817648;1;2;3;7;8;9;0.992573;16.2268
lHand;0.701486;0.00410817;1.28949;0.392433;0.383721;-0.72086;0.423221;1;2;3;7;8;9;0.992573;16.2268
rHand;-0.707524;0.00950483;1.28547;0.422253;-0.404966;0.694905;0.418105;1;2;3;7;8;9;0.992573;16.2268
lFoot;0.138665;0.0518876;0.0695606;-0.98538;-0.0363063;-0.0608268;0.154944;1;2;3;7;8;9;0.992573;16.2268
rFoot;-0.138737;0.0523081;0.069852;-0.985058;0.0326286;0.0619303;0.157356;1;2;3;7;8;9;0.992573;16.2268
head;-0.00273107;0.0225629;1.58386;0.709501;0.00890309;0.00996145;0.704578;1;2;3;7;8;9;0.992573;16.2436
hip;3.11807e-05;0.0733415;0.92527;0.575736;0.00113359;0.00702359;0.817605;1;2;3;7;8;9;0.992573;16.2436
lHand;0.699234;0.00148237;1.2794;0.38861;0.386925;-0.7239;0.418617;1;2;3;7;8;9;0.992573;16.2436
rHand;-0.705589;0.00764954;1.27634;0.415963;-0.401747;0.704108;0.412077;1;2;3;7;8;9;0.992573;16.2436
lFoot;0.138552;0.0518285;0.0695532;-0.985397;-0.0363251;-0.0608365;0.154826;1;2;3;7;8;9;0.992573;16.2436
rFoot;-0.138736;0.0522749;0.0699178;-0.985059;0.0324809;0.0619842;0.157358;1;2;3;7;8;9;0.992573;16.2436
head;-0.00299103;0.0226971;1.58391;0.710248;0.00985904;0.0101032;0.70381;1;2;3;7;8;9;0.992573;16.2602
hip;-0.000172563;0.0732298;0.925086;0.57535;0.00126923;0.0070733;0.817876;1;2;3;7;8;9;0.992573;16.2602
lHand;0.696997;-0.00112617;1.26904;0.385581;0.388902;-0.727093;0.414028;1;2;3;7;8;9;0.992573;16.2602
rHand;-0.703897;0.00613467;1.26718;0.408648;-0.401066;0.712284;0.405962;1;2;3;7;8;9;0.992573;16.2602
lFoot;0.138556;0.0517917;0.0695483;-0.985407;-0.0361129;-0.0610903;0.154717;1;2;3;7;8;9;0.992573;16.2602
rFoot;-0.138716;0.0523171;0.0699404;-0.985051;0.0325217;0.0619142;0.157426;1;2;3;7;8;9;0.992573;16.2602
head;-0.00335765;0.0228337;1.58406;0.710916;0.0106942;0.0105784;0.703116;1;2;3;7;8;9;0.992573;16.2769
hip;-0.000121146;0.0732523;0.924963;0.574577;0.0012756;0.00725724;0.818417;1;2;3;7;8;9;0.992573;16.2769
lHand;0.694809;-0.00363493;1.25888;0.381798;0.389881;-0.731134;0.40947;1;2;3;7;8;9;0.992573;16.2769
rHand;-0.701874;0.00394988;1.2577;0.399739;-0.405051;0.71941;0.398235;1;2;3;7;8;9;0.992573;16.2769
lFoot;0.138585;0.0517975;0.0695935;-0.985424;-0.0359353;-0.061285;0.154572;1;2;3;7;8;9;0.992573;16.2769
rFoot;-0.13875;0.0523187;0.0699175;-0.985041;0.0326777;0.061932;0.15745;1;2;3;7;8;9;0.992573;16.2769
head;-0.00370575;0.0229397;1.58409;0.711431;0.0111468;0.011249;0.702578;1;2;3;7;8;9;0.992573;16.2938
hip;6.2108e-05;0.0736265;0.924999;0.574015;0.00110105;0.00767457;0.818808;1;2;3;7;8;9;0.992573;16.2938
lHand;0.69242;-0.00612279;1.24807;0.377337;0.390169;-0.736257;0.404116;1;2;3;7;8;9;0.992573;16.2938
rHand;-0.69977;0.00165685;1.24776;0.391938;-0.411927;0.723072;0.392259;1;2;3;7;8;9;0.992573;16.2938
lFoot;0.138485;0.0519286;0.0694532;-0.985423;-0.0362345;-0.0611017;0.154579;1;2;3;7;8;9;0.992573;16.2938
rFoot;-0.138689;0.0523722;0.069842;-0.985059;0.0327772;0.0619747;0.1573;1;2;3;7;8;9;0.992573;16.2938
head;-0.00396536;0.0229634;1.58413;0.711795;0.0109735;0.0120445;0.702199;1;2;3;7;8;9;0.992573;16.3104
hip;0.000420026;0.0735248;0.924817;0.573939;0.000782233;0.00795935;0.818859;1;2;3;7;8;9;0.992573;16.3104
lHand;0.689739;-0.00873323;1.237;0.370484;0.39053;-0.742456;0.398733;1;2;3;7;8;9;0.992573;16.3104
rHand;-0.697449;-0.000858791;1.23757;0.385842;-0.41838;0.724395;0.389018;1;2;3;7;8;9;0.992573;16.3104
lFoot;0.138464;0.0519052;0.0694358;-0.985433;-0.0363082;-0.0610882;0.154505;1;2;3;7;8;9;0.992573;16.3104
rFoot;-0.138707;0.0523523;0.069869;-0.985051;0.0327537;0.0619029;0.157385;1;2;3;7;8;9;0.992573;16.3104
head;-0.00422071;0.0229937;1.58407;0.712025;0.0105901;0.0129077;0.701956;1;2;3;7;8;9;0.992573;16.3271
hip;0.000531055;0.0737049;0.924863;0.574467;0.000271123;0.00773786;0.818491;1;2;3;7;8;9;0.992573;16.3271
lHand;0.686787;-0.011489;1.22571;0.363746;0.392966;-0.747507;0.393065;1;2;3;7;8;9;0.992573;16.3271
rHand;-0.694832;-0.00367739;1.22712;0.381221;-0.422627;0.725918;0.386136;1;2;3;7;8;9;0.992573;16.3271
lFoot;0.138505;0.0518719;0.0694099;-0.985427;-0.0362305;-0.0612011;0.154516;1;2;3;7;8;9;0.992573;16.3271
rFoot;-0.138697;0.0523702;0.0698081;-0.985044;0.0328165;0.062071;0.157351;1;2;3;7;8;9;0.992573;16.3271
head;-0.00454674;0.0231887;1.58403;0.712445;0.0104581;0.0133358;0.701523;1;2;3;7;8;9;0.992573;16.3436
hip;0.000273421;0.0742127;0.924916;0.575029;0.000255287;0.00714437;0.818102;1;2;3;7;8;9;0.992573;16.3436
lHand;0.683489;-0.013982;1.21433;0.360495;0.397889;-0.750158;0.385992;1;2;3;7;8;9;0.992573;16.3436
rHand;-0.692088;-0.00604231;1.21659;0.377722;-0.424828;0.728103;0.383032;1;2;3;7;8;9;0.992573;16.3436
lFoot;0.138545;0.0518931;0.069397;-0.985443;-0.0359973;-0.0611534;0.154491;1;2;3;7;8;9;0.992573;16.3436
rFoot;-0.138534;0.0523428;0.0698629;-0.985038;0.0329678;0.0620764;0.157354;1;2;3;7;8;9;0.992573;16.3436
head;-0.00485763;0.0234052;1.58399;0.712859;0.0107148;0.0135629;0.701094;1;2;3;7;8;9;0.992573;16.3606
hip;0.000185885;0.0741085;0.9247;0.575172;0.000616606;0.00710852;0.818001;1;2;3;7;8;9;0.992573;16.3606
lHand;0.679708;-0.0162915;1.20291;0.360421;0.403213;-0.751525;0.377791;1;2;3;7;8;9;0.992573;16.3606
rHand;-0.688707;-0.00756008;1.20628;0.374751;-0.42118;0.73377;0.379146;1;2;3;7;8;9;0.992573;16.3606
lFoot;0.13859;0.0518901;0.0693839;-0.985474;-0.0356739;-0.0613368;0.154295;1;2;3;7;8;9;0.992573;16.3606
rFoot;-0.138575;0.0523762;0.0698586;-0.98504;0.0326092;0.062298;0.157325;1;2;3;7;8;9;0.992573;16.3606
head;-0.0052265;0.0235097;1.58408;0.713402;0.0110312;0.0138926;0.70053;1;2;3;7;8;9;0.992573;16.3776
hip;4.58062e-05;0.0742921;0.924658;0.574608;0.00106912;0.00812934;0.818388;1;2;3;7;8;9;0.992573;16.3776
lHand;0.675762;-0.0188751;1.19149;0.360231;0.40743;-0.753877;0.368652;1;2;3;7;8;9;0.992573;16.3776
rHand;-0.68549;-0.00917017;1.19654;0.368111;-0.418339;0.741978;0.372768;1;2;3;7;8;9;0.992573;16.3776
lFoot;0.138633;0.0518742;0.0693714;-0.985497;-0.0352465;-0.0614198;0.154213;1;2;3;7;8;9;0.992573;16.3776
rFoot;-0.138558;0.0523812;0.0698335;-0.985016;0.0327783;0.0623353;0.157426;1;2;3;7;8;9;0.992573;16.3776
head;-0.00565037;0.0236538;1.5841;0.713759;0.0112355;0.0142601;0.700156;1;2;3;7;8;9;0.992573;16.3939
hip;7.68378e-05;0.0744587;0.924596;0.573909;0.0013957;0.00925252;0.818866;1;2;3;7;8;9;0.992573;16.3939
lHand;0.671878;-0.0214059;1.17997;0.356764;0.40977;-0.757898;0.361108;1;2;3;7;8;9;0.992573;16.3939
rHand;-0.682116;-0.0115066;1.18701;0.361692;-0.420084;0.748378;0.364197;1;2;3;7;8;9;0.992573;16.3939
lFoot;0.138546;0.051977;0.0692273;-0.985515;-0.0351308;-0.061379;0.154137;1;2;3;7;8;9;0.992573;16.3939
rFoot;-0.138607;0.0524471;0.0697007;-0.985028;0.0329844;0.0622938;0.157328;1;2;3;7;8;9;0.992573;16.3939
head;-0.00607497;0.0237235;1.58415;0.713898;0.0113002;0.0147375;0.700003;1;2;3;7;8;9;0.992573;16.4105
hip;9.59635e-06;0.0748038;0.924448;0.573512;0.00163035;0.00991072;0.819135;1;2;3;7;8;9;0.992573;16.4105
lHand;0.667268;-0.0240252;1.16781;0.351824;0.411477;-0.762232;0.354837;1;2;3;7;8;9;0.992573;16.4105
rHand;-0.678944;-0.0137423;1.17713;0.356184;-0.423801;0.75266;0.356411;1;2;3;7;8;9;0.992573;16.4105
lFoot;0.138562;0.0520571;0.0691915;-0.985511;-0.0354393;-0.061349;0.154105;1;2;3;7;8;9;0.992573;16.4105
rFoot;-0.138633;0.0524609;0.0697281;-0.985011;0.0328516;0.0623263;0.157447;1;2;3;7;8;9;0.992573;16.4105
head;-0.00649473;0.0237255;1.58419;0.713881;0.011193;0.0153606;0.700009;1;2;3;7;8;9;0.992573;16.4271
hip;0.000117771;0.0749985;0.924406;0.573526;0.00160856;0.00996013;0.819125;1;2;3;7;8;9;0.992573;16.4271
lHand;0.662643;-0.026766;1.15531;0.348261;0.41493;-0.76482;0.348709;1;2;3;7;8;9;0.992573;16.4271
rHand;-0.675317;-0.0162759;1.16691;0.351592;-0.42964;0.754712;0.349575;1;2;3;7;8;9;0.992573;16.4271
lFoot;0.138628;0.0520566;0.0691875;-0.985507;-0.0355311;-0.0614241;0.154078;1;2;3;7;8;9;0.992573;16.4271
rFoot;-0.138642;0.0525108;0.0696987;-0.98501;0.0330482;0.0624246;0.157373;1;2;3;7;8;9;0.992573;16.4271
head;-0.00673154;0.0235994;1.58417;0.713637;0.0106686;0.0159785;0.700252;1;2;3;7;8;9;0.992573;16.4437
hip;0.00016287;0.0752033;0.924471;0.574442;0.00111613;0.00924218;0.818493;1;2;3;7;8;9;0.992573;16.4437
lHand;0.657765;-0.0297681;1.14308;0.346604;0.419538;-0.766236;0.341667;1;2;3;7;8;9;0.992573;16.4437
rHand;-0.671233;-0.0193101;1.15677;0.348799;-0.433804;0.75528;0.345985;1;2;3;7;8;9;0.992573;16.4437
lFoot;0.138773;0.0519798;0.0693418;-0.985516;-0.0356322;-0.0613321;0.154038;1;2;3;7;8;9;0.992573;16.4437
rFoot;-0.13852;0.0523406;0.0698658;-0.984996;0.0333378;0.0623913;0.157411;1;2;3;7;8;9;0.992573;16.4437
head;-0.00711988;0.0235535;1.58407;0.713603;0.00999338;0.0164999;0.700284;1;2;3;7;8;9;0.992573;16.4605
hip;0.000130467;0.0752093;0.924521;0.575335;0.00106104;0.0088947;0.817869;1;2;3;7;8;9;0.992573;16.4605
lHand;0.651985;-0.032369;1.13077;0.34464;0.423513;-0.769177;0.332005;1;2;3;7;8;9;0.992573;16.4605
rHand;-0.666863;-0.0219151;1.14626;0.346505;-0.435295;0.756629;0.343461;1;2;3;7;8;9;0.992573;16.4605
lFoot;0.138717;0.0519852;0.0693079;-0.985523;-0.0357762;-0.0612626;0.153985;1;2;3;7;8;9;0.992573;16.4605
rFoot;-0.138594;0.0524253;0.0699025;-0.98499;0.0332117;0.0624243;0.157462;1;2;3;7;8;9;0.992573;16.4605
head;-0.00753217;0.0236687;1.58419;0.713976;0.00949649;0.0168655;0.699902;1;2;3;7;8;9;0.992573;16.4771
hip;-9.45404e-05;0.0755657;0.924561;0.576197;0.00120776;0.00895683;0.817261;1;2;3;7;8;9;0.992573;16.4771
lHand;0.64639;-0.0347685;1.11842;0.339294;0.425368;-0.774422;0.322818;1;2;3;7;8;9;0.992573;16.4771
rHand;-0.661662;-0.0241086;1.13546;0.344577;-0.431402;0.759472;0.344035;1;2;3;7;8;9;0.992573;16.4771
lFoot;0.138687;0.0520567;0.0693613;-0.985546;-0.0357448;-0.0611901;0.153875;1;2;3;7;8;9;0.992573;16.4771
rFoot;-0.138583;0.0524327;0.0699022;-0.984994;0.0332214;0.0624483;0.157425;1;2;3;7;8;9;0.992573;16.4771
head;-0.00790633;0.0236734;1.58426;0.714395;0.00925607;0.0170525;0.699474;1;2;3;7;8;9;0.992573;16.4936
hip;-0.000589296;0.0760514;0.924539;0.576709;0.00190753;0.0100587;0.816886;1;2;3;7;8;9;0.992573;16.4936
lHand;0.639749;-0.0372748;1.106;0.330381;0.424565;-0.78218;0.314303;1;2;3;7;8;9;0.992573;16.4936
rHand;-0.656297;-0.0258627;1.12536;0.337875;-0.423332;0.767708;0.342426;1;2;3;7;8;9;0.992573;16.4936
lFoot;0.138804;0.0520469;0.0694143;-0.985559;-0.0357852;-0.0612413;0.153762;1;2;3;7;8;9;0.992573;16.4936
rFoot;-0.138492;0.052386;0.0699432;-0.984994;0.0334739;0.0624338;0.157381;1;2;3;7;8;9;0.992573;16.4936
head;-0.00834174;0.0236241;1.58438;0.714762;0.00913157;0.0170963;0.699099;1;2;3;7;8;9;0.992573;16.5104
hip;-0.000554472;0.0760153;0.924499;0.576118;0.00209969;0.0109615;0.81729;1;2;3;7;8;9;0.992573;16.5104
lHand;0.632515;-0.0398318;1.09336;0.323049;0.424658;-0.78826;0.306514;1;2;3;7;8;9;0.992573;16.5104
rHand;-0.651562;-0.0277856;1.11513;0.331327;-0.422405;0.773876;0.336025;1;2;3;7;8;9;0.992573;16.5104
lFoot;0.138743;0.0520608;0.069414;-0.985571;-0.036035;-0.0611436;0.153663;1;2;3;7;8;9;0.992573;16.5104
rFoot;-0.13851;0.0523361;0.0700082;-0.984992;0.0333798;0.0622703;0.157475;1;2;3;7;8;9;0.992573;16.5104
head;-0.0088865;0.0235293;1.58443;0.714877;0.00930632;0.0171438;0.698978;1;2;3;7;8;9;0.992573;16.5271
hip;-0.00066448;0.0757711;0.924382;0.57449;0.00205463;0.0114887;0.818429;1;2;3;7;8;9;0.992573;16.5271
lHand;0.625388;-0.0428771;1.08009;0.318599;0.425506;-0.792162;0.299862;1;2;3;7;8;9;0.992573;16.5271
rHand;-0.646523;-0.0299773;1.10512;0.32365;-0.427094;0.77953;0.324305;1;2;3;7;8;9;0.992573;16.5271
lFoot;0.138733;0.0519757;0.069354;-0.985592;-0.0362275;-0.0611935;0.153462;1;2;3;7;8;9;0.992573;16.5271
rFoot;-0.138507;0.0523106;0.0699115;-0.98499;0.0332799;0.062336;0.157482;1;2;3;7;8;9;0.992573;16.5271
head;-0.00935961;0.0233786;1.5845;0.714806;0.0093942;0.0172348;0.699047;1;2;3;7;8;9;0.992573;16.5436
hip;-0.000582449;0.0754557;0.924322;0.572997;0.0016646;0.0114044;0.819476;1;2;3;7;8;9;0.992573;16.5436
lHand;0.618173;-0.0456518;1.06716;0.315344;0.426277;-0.795451;0.293435;1;2;3;7;8;9;0.992573;16.5436
rHand;-0.641827;-0.0324824;1.09534;0.317601;-0.433755;0.78321;0.312359;1;2;3;7;8;9;0.992573;16.5436
lFoot;0.138724;0.0519456;0.0693449;-0.98562;-0.0361595;-0.0613078;0.153253;1;2;3;7;8;9;0.992573;16.5436
rFoot;-0.138661;0.0522164;0.0699113;-0.984993;0.0333894;0.0622524;0.157474;1;2;3;7;8;9;0.992573;16.5436
head;-0.00981127;0.0232013;1.58446;0.714435;0.00898725;0.0174506;0.699427;1;2;3;7;8;9;0.992573;16.5604
hip;-0.000670038;0.0749564;0.924176;0.572479;0.0014929;0.011054;0.819844;1;2;3;7;8;9;0.992573;16.5604
lHand;0.610308;-0.0481209;1.0538;0.31203;0.42521;-0.799305;0.288003;1;2;3;7;8;9;0.992573;16.5604
rHand;-0.635816;-0.0354176;1.08527;0.31583;-0.447288;0.782532;0.296359;1;2;3;7;8;9;0.992573;16.5604
lFoot;0.138829;0.0519202;0.0693855;-0.985654;-0.0356464;-0.0618804;0.152927;1;2;3;7;8;9;0.992573;16.5604
rFoot;-0.13864;0.0522522;0.069951;-0.985014;0.0333582;0.0619801;0.157461;1;2;3;7;8;9;0.992573;16.5604
head;-0.0101264;0.0230183;1.5844;0.714091;0.0077833;0.0180236;0.699777;1;2;3;7;8;9;0.992573;16.5772
hip;-0.000741854;0.0751453;0.924201;0.573064;0.00154606;0.0104711;0.819442;1;2;3;7;8;9;0.992573;16.5772
lHand;0.602072;-0.0504976;1.04091;0.300158;0.418854;-0.807327;0.287556;1;2;3;7;8;9;0.992573;16.5772
rHand;-0.629738;-0.0382554;1.07496;0.313122;-0.453745;0.783331;0.287164;1;2;3;7;8;9;0.992573;16.5772
lFoot;0.138929;0.0519192;0.0694192;-0.985685;-0.0353306;-0.0621964;0.152672;1;2;3;7;8;9;0.992573;16.5772
rFoot;-0.138628;0.0523391;0.0699561;-0.985043;0.033473;0.0619199;0.157278;1;2;3;7;8;9;0.992573;16.5772
head;-0.0104119;0.0229083;1.58433;0.714133;0.00615049;0.0185237;0.699738;1;2;3;7;8;9;0.992573;16.5938
hip;-0.00103036;0.0758373;0.924316;0.57557;0.00160361;0.00979656;0.817693;1;2;3;7;8;9;0.992573;16.5938
lHand;0.593409;-0.052388;1.0281;0.289784;0.417056;-0.814293;0.2811;1;2;3;7;8;9;0.992573;16.5938
rHand;-0.622832;-0.0405493;1.0647;0.310656;-0.455425;0.784866;0.28296;1;2;3;7;8;9;0.992573;16.5938
lFoot;0.139005;0.0519038;0.0694367;-0.985688;-0.0352139;-0.0624019;0.152598;1;2;3;7;8;9;0.992573;16.5938
rFoot;-0.13862;0.0523331;0.0699498;-0.985079;0.0334414;0.0617469;0.157126;1;2;3;7;8;9;0.992573;16.5938
head;-0.010692;0.0228416;1.58432;0.714514;0.00481316;0.0187081;0.699355;1;2;3;7;8;9;0.992573;16.6106
hip;-0.00113259;0.0762738;0.924321;0.57692;0.00191144;0.00976358;0.81674;1;2;3;7;8;9;0.992573;16.6106
lHand;0.583742;-0.0542796;1.01555;0.278256;0.417953;-0.821184;0.271193;1;2;3;7;8;9;0.992573;16.6106
rHand;-0.615876;-0.0424023;1.0546;0.30695;-0.451865;0.788944;0.281367;1;2;3;7;8;9;0.992573;16.6106
lFoot;0.139002;0.051921;0.0694211;-0.985686;-0.0354735;-0.0623488;0.152571;1;2;3;7;8;9;0.992573;16.6106
rFoot;-0.138622;0.0523531;0.0699711;-0.985091;0.0332685;0.061595;0.157146;1;2;3;7;8;9;0.992573;16.6106
head;-0.0109085;0.0227088;1.58438;0.71525;0.00386276;0.0186409;0.698609;1;2;3;7;8;9;0.992573;16.6272
hip;-0.00172954;0.0766902;0.924355;0.577762;0.00276929;0.0108565;0.816128;1;2;3;7;8;9;0.992573;16.6272
lHand;0.574231;-0.05622;1.00315;0.26744;0.41913;-0.827125;0.26205;1;2;3;7;8;9;0.992573;16.6272
rHand;-0.608738;-0.0440207;1.0446;0.301975;-0.445597;0.795323;0.278776;1;2;3;7;8;9;0.992573;16.6272
lFoot;0.139015;0.0519359;0.0694276;-0.985679;-0.0358192;-0.0623983;0.152513;1;2;3;7;8;9;0.992573;16.6272
rFoot;-0.138633;0.0523489;0.0698982;-0.985103;0.0331589;0.0615251;0.15712;1;2;3;7;8;9;0.992573;16.6272
head;-0.0112563;0.0226342;1.58451;0.715888;0.00324925;0.0185938;0.69796;1;2;3;7;8;9;0.992573;16.6443
hip;-0.00217924;0.0767355;0.924369;0.577137;0.00346599;0.0127369;0.816541;1;2;3;7;8;9;0.992573;16.6443
lHand;0.563296;-0.0573488;0.990603;0.256177;0.422344;-0.832149;0.252045;1;2;3;7;8;9;0.992573;16.6443
rHand;-0.601286;-0.0458333;1.03491;0.299624;-0.442501;0.800885;0.270189;1;2;3;7;8;9;0.992573;16.6443
lFoot;0.139032;0.0519777;0.0694393;-0.985671;-0.0360339;-0.0625675;0.152444;1;2;3;7;8;9;0.992573;16.6443
rFoot;-0.138577;0.0523207;0.0699058;-0.985129;0.0332547;0.0612088;0.157062;1;2;3;7;8;9;0.992573;16.6443
head;-0.0115747;0.0224445;1.58464;0.716204;0.00284974;0.0185448;0.697638;1;2;3;7;8;9;0.992573;16.6605
hip;-0.00244565;0.0766018;0.92436;0.575873;0.00387506;0.0139215;0.817411;1;2;3;7;8;9;0.992573;16.6605
lHand;0.552339;-0.0589489;0.978189;0.247017;0.426016;-0.835554;0.243602;1;2;3;7;8;9;0.992573;16.6605
rHand;-0.594315;-0.047985;1.02506;0.298074;-0.443108;0.804751;0.259196;1;2;3;7;8;9;0.992573;16.6605
lFoot;0.138947;0.0519178;0.0694577;-0.985671;-0.0361985;-0.0627413;0.152336;1;2;3;7;8;9;0.992573;16.6605
rFoot;-0.138678;0.0523063;0.0699717;-0.985135;0.0329405;0.0610066;0.157167;1;2;3;7;8;9;0.992573;16.6605
head;-0.011928;0.0221618;1.58464;0.716282;0.00282717;0.0186047;0.697557;1;2;3;7;8;9;0.992573;16.6774
hip;-0.00267503;0.0761621;0.92435;0.574006;0.00391135;0.0145731;0.818712;1;2;3;7;8;9;0.992573;16.6774
lHand;0.542041;-0.0608637;0.965553;0.23884;0.428657;-0.838726;0.23611;1;2;3;7;8;9;0.992573;16.6774
rHand;-0.588178;-0.0486316;1.01603;0.296442;-0.446303;0.808291;0.244135;1;2;3;7;8;9;0.992573;16.6774
lFoot;0.139063;0.0518399;0.0694178;-0.985664;-0.0361886;-0.0630508;0.152257;1;2;3;7;8;9;0.992573;16.6774
rFoot;-0.138642;0.0522035;0.0698357;-0.985157;0.0330684;0.0608346;0.157072;1;2;3;7;8;9;0.992573;16.6774
head;-0.0121926;0.0218918;1.58461;0.716278;0.00269237;0.0185945;0.697562;1;2;3;7;8;9;0.992573;16.694
hip;-0.00309967;0.0763302;0.924508;0.573574;0.00368184;0.0141405;0.819023;1;2;3;7;8;9;0.992573;16.694
lHand;0.531072;-0.0619704;0.953436;0.229012;0.429235;-0.842766;0.23034;1;2;3;7;8;9;0.992573;16.694
rHand;-0.580517;-0.0502485;1.00676;0.293469;-0.450198;0.810994;0.231271;1;2;3;7;8;9;0.992573;16.694
lFoot;0.139053;0.0518339;0.0694119;-0.985655;-0.0364813;-0.0633211;0.152128;1;2;3;7;8;9;0.992573;16.694
rFoot;-0.138632;0.0521992;0.069797;-0.985187;0.0333312;0.0605171;0.156951;1;2;3;7;8;9;0.992573;16.694
head;-0.0124501;0.0216738;1.58447;0.716267;0.00230198;0.0186284;0.697574;1;2;3;7;8;9;0.992573;16.7105
hip;-0.0032142;0.0762991;0.924338;0.574617;0.00376664;0.0131999;0.818307;1;2;3;7;8;9;0.992573;16.7105
lHand;0.520073;-0.0628544;0.941869;0.216568;0.428629;-0.848212;0.223409;1;2;3;7;8;9;0.992573;16.7105
rHand;-0.572771;-0.0520073;0.997383;0.290141;-0.453431;0.813143;0.221397;1;2;3;7;8;9;0.992573;16.7105
lFoot;0.138922;0.0519686;0.0695588;-0.985628;-0.0368079;-0.0636344;0.152094;1;2;3;7;8;9;0.992573;16.7105
rFoot;-0.138773;0.0522822;0.0699319;-0.985213;0.0333174;0.0602285;0.156903;1;2;3;7;8;9;0.992573;16.7105
head;-0.0127223;0.0215631;1.58445;0.716461;0.00168546;0.0186791;0.697375;1;2;3;7;8;9;0.992573;16.7276
hip;-0.00358538;0.0766942;0.924363;0.576319;0.00381948;0.0124971;0.81712;1;2;3;7;8;9;0.992573;16.7276
lHand;0.509232;-0.0633808;0.930883;0.20483;0.428944;-0.85298;0.215586;1;2;3;7;8;9;0.992573;16.7276
rHand;-0.565223;-0.0525933;0.988774;0.285202;-0.457002;0.814548;0.215223;1;2;3;7;8;9;0.992573;16.7276
lFoot;0.13894;0.0519736;0.0695775;-0.985624;-0.0369664;-0.0639039;0.151973;1;2;3;7;8;9;0.992573;16.7276
rFoot;-0.138809;0.0522789;0.069911;-0.985241;0.0332898;0.0600623;0.156795;1;2;3;7;8;9;0.992573;16.7276
head;-0.0129162;0.0214612;1.58439;0.716915;0.000967251;0.0185101;0.696915;1;2;3;7;8;9;0.992573;16.7439
hip;-0.00429932;0.0771445;0.924506;0.577455;0.00400887;0.0124778;0.816317;1;2;3;7;8;9;0.992573;16.7439
lHand;0.497945;-0.0635656;0.920392;0.194543;0.431612;-0.856388;0.206069;1;2;3;7;8;9;0.992573;16.7439
rHand;-0.557089;-0.0530641;0.979908;0.27711;-0.458472;0.817546;0.211266;1;2;3;7;8;9;0.992573;16.7439
lFoot;0.138898;0.0520081;0.0695293;-0.985625;-0.0372287;-0.0641218;0.151811;1;2;3;7;8;9;0.992573;16.7439
rFoot;-0.138805;0.052295;0.0698463;-0.985276;0.0333991;0.0595669;0.156743;1;2;3;7;8;9;0.992573;16.7439
head;-0.013105;0.0213057;1.58446;0.717371;0.000539855;0.0182366;0.696453;1;2;3;7;8;9;0.992573;16.7606
hip;-0.00455302;0.0769549;0.924387;0.578039;0.0042122;0.0129563;0.815896;1;2;3;7;8;9;0.992573;16.7606
lHand;0.486867;-0.0637098;0.910668;0.187663;0.436394;-0.857955;0.195589;1;2;3;7;8;9;0.992573;16.7606
rHand;-0.548959;-0.0536273;0.971262;0.268186;-0.458946;0.821332;0.207024;1;2;3;7;8;9;0.992573;16.7606
lFoot;0.138814;0.052037;0.0696219;-0.985581;-0.0374407;-0.0644208;0.151913;1;2;3;7;8;9;0.992573;16.7606
rFoot;-0.138852;0.0523049;0.0698917;-0.985275;0.0330536;0.0592972;0.156922;1;2;3;7;8;9;0.992573;16.7606
head;-0.0131932;0.0210014;1.58452;0.717679;0.000449249;0.0178132;0.696147;1;2;3;7;8;9;0.992573;16.7776
hip;-0.00505198;0.0768646;0.924449;0.57795;0.00450791;0.0142644;0.815935;1;2;3;7;8;9;0.992573;16.7776
lHand;0.475948;-0.0638342;0.900941;0.18193;0.440841;-0.859118;0.185678;1;2;3;7;8;9;0.992573;16.7776
rHand;-0.54081;-0.0544325;0.96253;0.261376;-0.461268;0.824378;0.198279;1;2;3;7;8;9;0.992573;16.7776
lFoot;0.138829;0.0520412;0.0696478;-0.985563;-0.0375205;-0.0647413;0.151877;1;2;3;7;8;9;0.992573;16.7776
rFoot;-0.138948;0.0523787;0.06992;-0.985295;0.0327458;0.0592079;0.156893;1;2;3;7;8;9;0.992573;16.7776
head;-0.0134195;0.0207361;1.58457;0.717742;0.000759045;0.0173938;0.696091;1;2;3;7;8;9;0.992573;16.7939
hip;-0.0056321;0.0767979;0.924574;0.577019;0.00481094;0.0153734;0.816572;1;2;3;7;8;9;0.992573;16.7939
lHand;0.465267;-0.0637322;0.891598;0.179412;0.444842;-0.859474;0.176724;1;2;3;7;8;9;0.992573;16.7939
rHand;-0.53298;-0.0549009;0.954184;0.254266;-0.463424;0.827827;0.187856;1;2;3;7;8;9;0.992573;16.7939
lFoot;0.138844;0.052084;0.0696615;-0.985553;-0.0377641;-0.0648976;0.151812;1;2;3;7;8;9;0.992573;16.7939
rFoot;-0.138874;0.0524147;0.0698968;-0.985322;0.0330081;0.0588999;0.156789;1;2;3;7;8;9;0.992573;16.7939
head;-0.0136621;0.0206559;1.5845;0.717688;0.00136131;0.0171356;0.696153;1;2;3;7;8;9;0.992573;16.8112
hip;-0.00585593;0.0761398;0.924475;0.576084;0.00496887;0.015714;0.817225;1;2;3;7;8;9;0.992573;16.8112
lHand;0.454612;-0.0637082;0.882267;0.178283;0.446191;-0.860298;0.170343;1;2;3;7;8;9;0.992573;16.8112
rHand;-0.525491;-0.0548022;0.946288;0.246906;-0.465442;0.831737;0.17497;1;2;3;7;8;9;0.992573;16.8112
lFoot;0.138865;0.0521449;0.0697058;-0.985513;-0.038047;-0.0651771;0.151885;1;2;3;7;8;9;0.992573;16.8112
rFoot;-0.138921;0.0524217;0.0699105;-0.98534;0.03294;0.0585315;0.156822;1;2;3;7;8;9;0.992573;16.8112
head;-0.0140455;0.0204502;1.58445;0.717841;0.0016439;0.0173804;0.695989;1;2;3;7;8;9;0.992573;16.8273
hip;-0.00615102;0.0756578;0.924456;0.575342;0.00469362;0.014721;0.817767;1;2;3;7;8;9;0.992573;16.8273
lHand;0.444018;-0.0633994;0.873561;0.177892;0.446105;-0.861694;0.163794;1;2;3;7;8;9;0.992573;16.8273
rHand;-0.517813;-0.0548562;0.938661;0.242068;-0.468031;0.834462;0.161319;1;2;3;7;8;9;0.992573;16.8273
lFoot;0.138805;0.0520854;0.069721;-0.98548;-0.0384792;-0.0654923;0.15185;1;2;3;7;8;9;0.992573;16.8273
rFoot;-0.139078;0.0523326;0.0698354;-0.985347;0.033049;0.0580328;0.156941;1;2;3;7;8;9;0.992573;16.8273
head;-0.0142997;0.0202691;1.58435;0.717996;0.00150407;0.017714;0.69582;1;2;3;7;8;9;0.992573;16.8442
hip;-0.00694088;0.0757453;0.924592;0.576172;0.00487025;0.0143618;0.817188;1;2;3;7;8;9;0.992573;16.8442
lHand;0.433524;-0.0634115;0.864949;0.174897;0.446149;-0.863667;0.156338;1;2;3;7;8;9;0.992573;16.8442
rHand;-0.510444;-0.0549123;0.931846;0.239402;-0.47157;0.835473;0.149307;1;2;3;7;8;9;0.992573;16.8442
lFoot;0.138774;0.0520811;0.0697668;-0.985456;-0.0387501;-0.0656241;0.151885;1;2;3;7;8;9;0.992573;16.8442
rFoot;-0.139109;0.0522888;0.0698431;-0.985383;0.0331357;0.0576057;0.156859;1;2;3;7;8;9;0.992573;16.8442
head;-0.014476;0.0200389;1.58428;0.718172;0.000872689;0.0180099;0.695632;1;2;3;7;8;9;0.992573;16.8607
hip;-0.00705906;0.0754656;0.924388;0.577277;0.0052622;0.0144667;0.816404;1;2;3;7;8;9;0.992573;16.8607
lHand;0.422981;-0.0628025;0.857165;0.171005;0.445499;-0.866278;0.147818;1;2;3;7;8;9;0.992573;16.8607
rHand;-0.502576;-0.0548479;0.925362;0.23888;-0.47606;0.834859;0.138976;1;2;3;7;8;9;0.992573;16.8607
lFoot;0.138711;0.0520906;0.0698366;-0.985397;-0.0389581;-0.0659697;0.152061;1;2;3;7;8;9;0.992573;16.8607
rFoot;-0.139143;0.0522925;0.0698635;-0.985395;0.0328655;0.0572084;0.156981;1;2;3;7;8;9;0.992573;16.8607
head;-0.0146886;0.0198976;1.58439;0.718328;0.000222344;0.0181481;0.695467;1;2;3;7;8;9;0.992573;16.8774
hip;-0.00751121;0.0756713;0.924435;0.578912;0.00551327;0.0146744;0.815239;1;2;3;7;8;9;0.992573;16.8774
lHand;0.412151;-0.0614584;0.850648;0.168829;0.447255;-0.867626;0.136693;1;2;3;7;8;9;0.992573;16.8774
rHand;-0.494771;-0.0548473;0.918742;0.238033;-0.480074;0.834301;0.129659;1;2;3;7;8;9;0.992573;16.8774
lFoot;0.138694;0.0520833;0.0698783;-0.985363;-0.0390342;-0.0661994;0.152166;1;2;3;7;8;9;0.992573;16.8774
rFoot;-0.139123;0.0523667;0.0698787;-0.985398;0.0327551;0.0569256;0.157091;1;2;3;7;8;9;0.992573;16.8774
head;-0.014827;0.0196766;1.58438;0.718173;-0.000149427;0.0179654;0.695633;1;2;3;7;8;9;0.992573;16.894
hip;-0.00802194;0.0758734;0.924579;0.579681;0.00549493;0.0148618;0.81469;1;2;3;7;8;9;0.992573;16.894
lHand;0.401795;-0.0602919;0.844182;0.168198;0.451191;-0.867777;0.122883;1;2;3;7;8;9;0.992573;16.894
rHand;-0.486781;-0.0543494;0.913181;0.239199;-0.482066;0.833577;0.124684;1;2;3;7;8;9;0.992573;16.894
lFoot;0.138741;0.0520669;0.0699408;-0.985317;-0.0389917;-0.0666201;0.152292;1;2;3;7;8;9;0.992573;16.894
rFoot;-0.139122;0.0523637;0.0698723;-0.985429;0.0326803;0.0565407;0.157053;1;2;3;7;8;9;0.992573;16.894
head;-0.0150114;0.0195212;1.58437;0.717977;0.000125483;0.017704;0.695841;1;2;3;7;8;9;0.992573;16.9108
hip;-0.00821415;0.0752729;0.924487;0.579975;0.00551718;0.0153142;0.814472;1;2;3;7;8;9;0.992573;16.9108
lHand;0.391365;-0.0592853;0.837776;0.166069;0.454145;-0.868471;0.109234;1;2;3;7;8;9;0.992573;16.9108
rHand;-0.479079;-0.0535433;0.907153;0.236929;-0.482431;0.83487;0.118817;1;2;3;7;8;9;0.992573;16.9108
lFoot;0.138718;0.0521785;0.0700573;-0.985263;-0.0394191;-0.0667549;0.152471;1;2;3;7;8;9;0.992573;16.9108
rFoot;-0.139134;0.052391;0.0699127;-0.98543;0.032576;0.0562218;0.157182;1;2;3;7;8;9;0.992573;16.9108
head;-0.0152998;0.0192773;1.58454;0.717793;0.00103363;0.0172769;0.696041;1;2;3;7;8;9;0.992573;16.9274
hip;-0.00867681;0.0749;0.924551;0.579628;0.00575682;0.0162943;0.814698;1;2;3;7;8;9;0.992573;16.9274
lHand;0.381189;-0.0578866;0.831471;0.160434;0.45362;-0.870785;0.101113;1;2;3;7;8;9;0.992573;16.9274
rHand;-0.471877;-0.0523883;0.901296;0.232623;-0.480317;0.837902;0.114467;1;2;3;7;8;9;0.992573;16.9274
lFoot;0.13868;0.0522159;0.070132;-0.985214;-0.0397816;-0.0669116;0.152621;1;2;3;7;8;9;0.992573;16.9274
rFoot;-0.139089;0.0524491;0.0699037;-0.985433;0.0327097;0.0560757;0.157185;1;2;3;7;8;9;0.992573;16.9274
head;-0.0156241;0.0189785;1.58452;0.717491;0.00212845;0.0170825;0.696355;1;2;3;7;8;9;0.992573;16.9441
hip;-0.0092285;0.0748453;0.924747;0.578868;0.00615705;0.0172549;0.815216;1;2;3;7;8;9;0.992573;16.9441
lHand;0.370947;-0.0566227;0.825023;0.156185;0.452532;-0.872788;0.0951947;1;2;3;7;8;9;0.992573;16.9441
rHand;-0.464783;-0.0514416;0.896167;0.227;-0.478416;0.841213;0.109316;1;2;3;7;8;9;0.992573;16.9441
lFoot;0.138681;0.0521996;0.0701918;-0.985191;-0.0401766;-0.0671931;0.152543;1;2;3;7;8;9;0.992573;16.9441
rFoot;-0.139099;0.0524541;0.0699169;-0.985457;0.0328125;0.0557423;0.157133;1;2;3;7;8;9;0.992573;16.9441
head;-0.0159588;0.0186122;1.58446;0.717249;0.00256451;0.0173181;0.696597;1;2;3;7;8;9;0.992573;16.9608
hip;-0.00934219;0.0740491;0.924636;0.578535;0.0065071;0.0178283;0.815437;1;2;3;7;8;9;0.992573;16.9608
lHand;0.360681;-0.0553262;0.819302;0.154245;0.450397;-0.874496;0.0927762;1;2;3;7;8;9;0.992573;16.9608
rHand;-0.457746;-0.050432;0.890662;0.222854;-0.478055;0.843317;0.10303;1;2;3;7;8;9;0.992573;16.9608
lFoot;0.138709;0.0522076;0.0702711;-0.985129;-0.0404219;-0.0674832;0.152751;1;2;3;7;8;9;0.992573;16.9608
rFoot;-0.139178;0.0523608;0.0699226;-0.985447;0.0330031;0.0553329;0.157301;1;2;3;7;8;9;0.992573;16.9608
head;-0.0162138;0.0183373;1.58433;0.717046;0.0021892;0.018048;0.696789;1;2;3;7;8;9;0.992573;16.9775
hip;-0.00967365;0.0737851;0.924683;0.578804;0.00688117;0.0180706;0.815238;1;2;3;7;8;9;0.992573;16.9775
lHand;0.350788;-0.0536255;0.813876;0.150769;0.449617;-0.875573;0.0921122;1;2;3;7;8;9;0.992573;16.9775
rHand;-0.451115;-0.0490874;0.886048;0.220489;-0.479327;0.844164;0.0949602;1;2;3;7;8;9;0.992573;16.9775
lFoot;0.138612;0.052147;0.0703373;-0.985064;-0.0407435;-0.0677238;0.152982;1;2;3;7;8;9;0.992573;16.9775
rFoot;-0.139167;0.0523691;0.0699093;-0.985466;0.0330325;0.0549986;0.157293;1;2;3;7;8;9;0.992573;16.9775
head;-0.016375;0.0180668;1.5842;0.716893;0.00144683;0.0187404;0.69693;1;2;3;7;8;9;0.992573;16.9941
hip;-0.0102487;0.0738914;0.924821;0.579592;0.00712582;0.0180319;0.814677;1;2;3;7;8;9;0.992573;16.9941
lHand;0.340991;-0.0520786;0.808645;0.14633;0.45;-0.876336;0.0901268;1;2;3;7;8;9;0.992573;16.9941
rHand;-0.443824;-0.0480627;0.881507;0.218283;-0.480593;0.844818;0.0875504;1;2;3;7;8;9;0.992573;16.9941
lFoot;0.138583;0.0521224;0.0703884;-0.985012;-0.040981;-0.067888;0.153176;1;2;3;7;8;9;0.992573;16.9941
rFoot;-0.139216;0.0524065;0.0699016;-0.985478;0.0328409;0.0545557;0.157409;1;2;3;7;8;9;0.992573;16.9941
head;-0.0164465;0.0179032;1.58417;0.716901;0.000981508;0.01895;0.696917;1;2;3;7;8;9;0.992573;17.0109
hip;-0.0103525;0.0735508;0.924717;0.581169;0.00716018;0.0179076;0.813554;1;2;3;7;8;9;0.992573;17.0109
lHand;0.331809;-0.0495784;0.804658;0.142114;0.452873;-0.875774;0.0879199;1;2;3;7;8;9;0.992573;17.0109
rHand;-0.436612;-0.0461476;0.877294;0.217685;-0.481784;0.845031;0.0801229;1;2;3;7;8;9;0.992573;17.0109
lFoot;0.138631;0.0521893;0.070457;-0.984942;-0.0412722;-0.0680462;0.153476;1;2;3;7;8;9;0.992573;17.0109
rFoot;-0.139211;0.0524299;0.0699453;-0.985463;0.0325924;0.0540601;0.157728;1;2;3;7;8;9;0.992573;17.0109
head;-0.0165213;0.0175808;1.58423;0.717004;0.00113195;0.0188951;0.696812;1;2;3;7;8;9;0.992573;17.0278
hip;-0.0107828;0.0735262;0.924707;0.582527;0.00767468;0.018401;0.812567;1;2;3;7;8;9;0.992573;17.0278
lHand;0.32218;-0.0473082;0.80027;0.138062;0.454975;-0.875763;0.0835144;1;2;3;7;8;9;0.992573;17.0278
rHand;-0.429665;-0.0446554;0.872635;0.216446;-0.482515;0.845635;0.0723238;1;2;3;7;8;9;0.992573;17.0278
lFoot;0.138604;0.0521902;0.0705163;-0.984898;-0.041371;-0.0681864;0.153674;1;2;3;7;8;9;0.992573;17.0278
rFoot;-0.13921;0.0524876;0.069955;-0.985446;0.032386;0.0538589;0.157946;1;2;3;7;8;9;0.992573;17.0278
head;-0.0168253;0.0174201;1.58424;0.717002;0.00190867;0.0187235;0.696817;1;2;3;7;8;9;0.992573;17.0444
hip;-0.0114038;0.073585;0.924908;0.582651;0.00830004;0.01961;0.812443;1;2;3;7;8;9;0.992573;17.0444
lHand;0.313247;-0.0443536;0.796478;0.129705;0.4561;-0.876806;0.0797532;1;2;3;7;8;9;0.992573;17.0444
rHand;-0.423406;-0.0424082;0.868655;0.211918;-0.482309;0.847383;0.0664139;1;2;3;7;8;9;0.992573;17.0444
lFoot;0.138568;0.0522551;0.0705305;-0.984835;-0.0415651;-0.0683951;0.153933;1;2;3;7;8;9;0.992573;17.0444
rFoot;-0.139236;0.0525046;0.069974;-0.985439;0.032271;0.05376;0.158046;1;2;3;7;8;9;0.992573;17.0444
head;-0.0169828;0.0171107;1.58424;0.717088;0.00286223;0.0185347;0.69673;1;2;3;7;8;9;0.992573;17.0611
hip;-0.0113975;0.0725549;0.924723;0.582341;0.00883443;0.0205921;0.812636;1;2;3;7;8;9;0.992573;17.0611
lHand;0.304533;-0.0414788;0.792988;0.117122;0.456125;-0.87868;0.0784544;1;2;3;7;8;9;0.992573;17.0611
rHand;-0.417529;-0.0396141;0.864764;0.204878;-0.481853;0.849652;0.0627203;1;2;3;7;8;9;0.992573;17.0611
lFoot;0.138714;0.0520611;0.0703956;-0.984778;-0.0419693;-0.0685704;0.154107;1;2;3;7;8;9;0.992573;17.0611
rFoot;-0.139265;0.0525062;0.0700362;-0.985416;0.0321435;0.0535606;0.158284;1;2;3;7;8;9;0.992573;17.0611
head;-0.0171858;0.0168609;1.58422;0.717004;0.00378725;0.0184108;0.696815;1;2;3;7;8;9;0.992573;17.0779
hip;-0.0116582;0.0717753;0.924778;0.581212;0.00896397;0.0215172;0.813418;1;2;3;7;8;9;0.992573;17.0779
lHand;0.296127;-0.0384226;0.78943;0.107459;0.456935;-0.879691;0.0761999;1;2;3;7;8;9;0.992573;17.0779
rHand;-0.411855;-0.0371005;0.861001;0.199036;-0.48348;0.850383;0.0590066;1;2;3;7;8;9;0.992573;17.0779
lFoot;0.138719;0.0520208;0.0704315;-0.984727;-0.0422265;-0.0686694;0.154322;1;2;3;7;8;9;0.992573;17.0779
rFoot;-0.139113;0.0523322;0.0698396;-0.985375;0.0322562;0.053399;0.158567;1;2;3;7;8;9;0.992573;17.0779
head;-0.017345;0.0166306;1.58417;0.716912;0.0044683;0.0182559;0.69691;1;2;3;7;8;9;0.992573;17.0943
hip;-0.0121158;0.0714868;0.925021;0.580533;0.00872931;0.0218353;0.813897;1;2;3;7;8;9;0.992573;17.0943
lHand;0.288112;-0.0353871;0.785945;0.102723;0.460089;-0.879018;0.0713625;1;2;3;7;8;9;0.992573;17.0943
rHand;-0.406456;-0.0347016;0.857631;0.194143;-0.486948;0.849779;0.0553612;1;2;3;7;8;9;0.992573;17.0943
lFoot;0.138699;0.0520487;0.0704081;-0.984674;-0.042345;-0.0688269;0.154557;1;2;3;7;8;9;0.992573;17.0943
rFoot;-0.139114;0.0523402;0.0697799;-0.985367;0.03205;0.0532373;0.158713;1;2;3;7;8;9;0.992573;17.0943
head;-0.0175432;0.0164704;1.58409;0.716877;0.00508069;0.0182768;0.696942;1;2;3;7;8;9;0.992573;17.1112
hip;-0.0121012;0.0706434;0.924813;0.58059;0.00879254;0.0220175;0.813851;1;2;3;7;8;9;0.992573;17.1112
lHand;0.27988;-0.0321337;0.78276;0.0988291;0.463223;-0.878202;0.0664754;1;2;3;7;8;9;0.992573;17.1112
rHand;-0.400865;-0.032037;0.854123;0.189483;-0.490118;0.84924;0.0516942;1;2;3;7;8;9;0.992573;17.1112
lFoot;0.138533;0.0522167;0.0706201;-0.984629;-0.0427339;-0.0688543;0.154721;1;2;3;7;8;9;0.992573;17.1112
rFoot;-0.13928;0.052443;0.0699414;-0.985338;0.03178;0.0530196;0.15902;1;2;3;7;8;9;0.992573;17.1112
head;-0.01787;0.0164024;1.58406;0.716859;0.00525714;0.0183955;0.696955;1;2;3;7;8;9;0.992573;17.1277
hip;-0.0123363;0.0704232;0.924729;0.581554;0.00911127;0.0220312;0.813158;1;2;3;7;8;9;0.992573;17.1277
lHand;0.272417;-0.0289654;0.77995;0.0972208;0.467466;-0.876544;0.0607806;1;2;3;7;8;9;0.992573;17.1277
rHand;-0.39623;-0.0294157;0.851247;0.185417;-0.493807;0.848189;0.0484803;1;2;3;7;8;9;0.992573;17.1277
lFoot;0.138419;0.0521698;0.0706649;-0.984577;-0.0429358;-0.0688342;0.155006;1;2;3;7;8;9;0.992573;17.1277
rFoot;-0.139472;0.0523995;0.0699458;-0.985305;0.0314641;0.0527946;0.159365;1;2;3;7;8;9;0.992573;17.1277
head;-0.0180924;0.016259;1.58399;0.716848;0.005392;0.0185708;0.696961;1;2;3;7;8;9;0.992573;17.1444
hip;-0.0126122;0.0701801;0.924649;0.582296;0.00966082;0.0226395;0.812604;1;2;3;7;8;9;0.992573;17.1444
lHand;0.265031;-0.0255228;0.777018;0.0953465;0.471002;-0.875212;0.0554048;1;2;3;7;8;9;0.992573;17.1444
rHand;-0.391304;-0.0265028;0.848527;0.181476;-0.496122;0.847796;0.0465974;1;2;3;7;8;9;0.992573;17.1444
lFoot;0.138332;0.0522066;0.0706756;-0.984523;-0.0431205;-0.0688816;0.155277;1;2;3;7;8;9;0.992573;17.1444
rFoot;-0.139471;0.0523475;0.0700273;-0.9853;0.0311013;0.0525238;0.159554;1;2;3;7;8;9;0.992573;17.1444
head;-0.0182421;0.0161059;1.584;0.716782;0.00568623;0.0185886;0.697026;1;2;3;7;8;9;0.992573;17.161
hip;-0.0129135;0.0694698;0.924612;0.582567;0.0101039;0.0236188;0.812377;1;2;3;7;8;9;0.992573;17.161
lHand;0.259027;-0.0219851;0.775128;0.0935326;0.473787;-0.874174;0.0509609;1;2;3;7;8;9;0.992573;17.161
rHand;-0.386384;-0.0231722;0.845798;0.177362;-0.496581;0.848417;0.0462521;1;2;3;7;8;9;0.992573;17.161
lFoot;0.138401;0.0522778;0.0707629;-0.984474;-0.0431055;-0.0690391;0.15552;1;2;3;7;8;9;0.992573;17.161
rFoot;-0.139498;0.0524717;0.0700743;-0.985252;0.0306855;0.0523278;0.159996;1;2;3;7;8;9;0.992573;17.161
head;-0.0185285;0.0158542;1.58397;0.716636;0.00626583;0.0187087;0.697168;1;2;3;7;8;9;0.992573;17.1781
hip;-0.0130901;0.0688109;0.924594;0.582087;0.0103503;0.0244783;0.812692;1;2;3;7;8;9;0.992573;17.1781
lHand;0.252247;-0.0185371;0.772863;0.0882294;0.475619;-0.873868;0.0485416;1;2;3;7;8;9;0.992573;17.1781
rHand;-0.382066;-0.0202058;0.843121;0.173825;-0.497452;0.848734;0.0444728;1;2;3;7;8;9;0.992573;17.1781
lFoot;0.138363;0.0522508;0.0708398;-0.984421;-0.043075;-0.0691735;0.155804;1;2;3;7;8;9;0.992573;17.1781
rFoot;-0.139548;0.0524813;0.0701086;-0.985222;0.0304655;0.0521223;0.16029;1;2;3;7;8;9;0.992573;17.1781
